order_id,customer_id,order_date,product_id,product_name,product_price,quantity
1,52,2021-01-01 00:00:00,17,Product D,227.92,7
2,93,2021-01-01 01:00:00,7,Product E,391.67,10
3,15,2021-01-01 02:00:00,8,Product B,429.24,7
4,72,2021-01-01 03:00:00,3,Product B,279.99,10
5,61,2021-01-01 04:00:00,2,Product C,383.97,1
6,21,2021-01-01 05:00:00,15,Product D,167.31,4
7,83,2021-01-01 06:00:00,5,Product A,219.19,7
8,87,2021-01-01 07:00:00,1,Product D,362.13,9
9,75,2021-01-01 08:00:00,4,Product D,205.38,5
10,75,2021-01-01 09:00:00,15,Product A,302.48,2
11,88,2021-01-01 10:00:00,20,Product C,108.98,7
12,100,2021-01-01 11:00:00,19,Product D,307.89,10
13,24,2021-01-01 12:00:00,3,Product B,433.53,1
14,3,2021-01-01 13:00:00,20,Product A,436.95,7
15,22,2021-01-01 14:00:00,11,Product E,367.69,6
16,53,2021-01-01 15:00:00,17,Product C,377.96,7
17,2,2021-01-01 16:00:00,13,Product A,287.81,10
18,88,2021-01-01 17:00:00,11,Product E,300.64,3
19,30,2021-01-01 18:00:00,2,Product E,84.15,3
20,38,2021-01-01 19:00:00,9,Product D,233.05,7
21,2,2021-01-01 20:00:00,2,Product D,236.37,2
22,64,2021-01-01 21:00:00,9,Product D,480.08,1
23,60,2021-01-01 22:00:00,9,Product A,226.92,9
24,21,2021-01-01 23:00:00,8,Product A,283.68,9
25,33,2021-01-02 00:00:00,17,Product C,275.96,7
26,76,2021-01-02 01:00:00,1,Product D,325.65,7
27,58,2021-01-02 02:00:00,11,Product E,379.15,3
28,22,2021-01-02 03:00:00,8,Product B,128.02,10
29,89,2021-01-02 04:00:00,10,Product C,273.79,2
30,49,2021-01-02 05:00:00,7,Product A,416.44,7
31,91,2021-01-02 06:00:00,3,Product C,242.3,9
32,59,2021-01-02 07:00:00,3,Product C,153.66,1
33,42,2021-01-02 08:00:00,18,Product C,334.26,4
34,92,2021-01-02 09:00:00,5,Product C,415.41,6
35,60,2021-01-02 10:00:00,12,Product B,50.31,7
36,80,2021-01-02 11:00:00,12,Product D,392.86,10
37,15,2021-01-02 12:00:00,19,Product E,414.39,7
38,62,2021-01-02 13:00:00,6,Product C,241.53,10
39,62,2021-01-02 14:00:00,2,Product C,491.99,2
40,47,2021-01-02 15:00:00,12,Product C,397.62,4
41,62,2021-01-02 16:00:00,19,Product D,391.36,5
42,51,2021-01-02 17:00:00,5,Product A,378.96,1
43,55,2021-01-02 18:00:00,12,Product A,92.29,1
44,64,2021-01-02 19:00:00,17,Product B,124.27,10
45,3,2021-01-02 20:00:00,17,Product A,242.72,3
46,51,2021-01-02 21:00:00,10,Product C,146.72,10
47,7,2021-01-02 22:00:00,17,Product C,219.32,3
48,21,2021-01-02 23:00:00,15,Product C,446.46,8
49,73,2021-01-03 00:00:00,12,Product B,415.68,9
50,39,2021-01-03 01:00:00,16,Product C,322.42,1
51,18,2021-01-03 02:00:00,19,Product A,431.9,2
52,4,2021-01-03 03:00:00,8,Product D,396.21,10
53,89,2021-01-03 04:00:00,17,Product D,225.91,2
54,60,2021-01-03 05:00:00,5,Product E,116.51,4
55,14,2021-01-03 06:00:00,16,Product A,266.82,2
56,9,2021-01-03 07:00:00,6,Product C,373.39,7
57,90,2021-01-03 08:00:00,8,Product D,229.48,9
58,53,2021-01-03 09:00:00,18,Product A,340.05,7
59,2,2021-01-03 10:00:00,12,Product D,65.28,6
60,84,2021-01-03 11:00:00,15,Product C,379.04,10
61,92,2021-01-03 12:00:00,9,Product D,410.1,1
62,60,2021-01-03 13:00:00,13,Product E,359.28,10
63,71,2021-01-03 14:00:00,15,Product E,484.29,9
64,44,2021-01-03 15:00:00,10,Product D,416.79,5
65,8,2021-01-03 16:00:00,16,Product A,453.48,5
66,47,2021-01-03 17:00:00,7,Product A,468.11,6
67,35,2021-01-03 18:00:00,17,Product A,404.65,9
68,78,2021-01-03 19:00:00,7,Product D,343.64,8
69,81,2021-01-03 20:00:00,14,Product A,22.74,8
70,36,2021-01-03 21:00:00,15,Product C,243.6,8
71,50,2021-01-03 22:00:00,7,Product E,294.16,1
72,4,2021-01-03 23:00:00,9,Product C,165.93,1
73,2,2021-01-04 00:00:00,19,Product A,172.69,8
74,6,2021-01-04 01:00:00,16,Product C,481.36,5
75,54,2021-01-04 02:00:00,8,Product A,448.02,9
76,4,2021-01-04 03:00:00,18,Product D,427.61,2
77,54,2021-01-04 04:00:00,18,Product C,214.89,9
78,93,2021-01-04 05:00:00,20,Product D,26.58,8
79,63,2021-01-04 06:00:00,7,Product D,58.51,9
80,18,2021-01-04 07:00:00,3,Product B,169.85,4
81,90,2021-01-04 08:00:00,18,Product A,27.56,1
82,44,2021-01-04 09:00:00,10,Product E,28.23,1
83,34,2021-01-04 10:00:00,7,Product A,459.97,5
84,74,2021-01-04 11:00:00,17,Product E,358.96,2
85,62,2021-01-04 12:00:00,14,Product A,168.3,8
86,100,2021-01-04 13:00:00,3,Product D,83.67,10
87,14,2021-01-04 14:00:00,12,Product C,265.59,5
88,95,2021-01-04 15:00:00,13,Product C,22.57,5
89,48,2021-01-04 16:00:00,2,Product B,470.44,2
90,15,2021-01-04 17:00:00,3,Product E,219.11,7
91,72,2021-01-04 18:00:00,5,Product E,213.12,8
92,78,2021-01-04 19:00:00,11,Product E,207.48,10
93,87,2021-01-04 20:00:00,8,Product D,53.28,1
94,62,2021-01-04 21:00:00,12,Product E,326.39,2
95,40,2021-01-04 22:00:00,7,Product C,371.84,10
96,85,2021-01-04 23:00:00,15,Product D,344.54,4
97,80,2021-01-05 00:00:00,17,Product A,86.45,5
98,82,2021-01-05 01:00:00,4,Product E,297.84,2
99,53,2021-01-05 02:00:00,13,Product E,293.35,1
100,24,2021-01-05 03:00:00,18,Product A,436.84,9
101,26,2021-01-05 04:00:00,1,Product E,201.98,1
102,89,2021-01-05 05:00:00,16,Product A,198.31,4
103,60,2021-01-05 06:00:00,13,Product D,316.89,2
104,41,2021-01-05 07:00:00,10,Product C,323.87,4
105,29,2021-01-05 08:00:00,12,Product A,245.26,8
106,15,2021-01-05 09:00:00,2,Product B,232.67,8
107,45,2021-01-05 10:00:00,3,Product A,257.19,9
108,65,2021-01-05 11:00:00,10,Product E,433.3,5
109,89,2021-01-05 12:00:00,2,Product D,241.36,7
110,71,2021-01-05 13:00:00,13,Product D,471.17,3
111,9,2021-01-05 14:00:00,13,Product A,261.92,10
112,88,2021-01-05 15:00:00,18,Product C,475.62,4
113,1,2021-01-05 16:00:00,3,Product B,419.76,10
114,8,2021-01-05 17:00:00,7,Product D,193.97,9
115,88,2021-01-05 18:00:00,14,Product E,434.55,10
116,63,2021-01-05 19:00:00,20,Product E,72.83,10
117,11,2021-01-05 20:00:00,17,Product C,464.02,1
118,81,2021-01-05 21:00:00,12,Product D,323.19,2
119,8,2021-01-05 22:00:00,16,Product A,46.11,5
120,35,2021-01-05 23:00:00,12,Product E,329.24,3
121,35,2021-01-06 00:00:00,15,Product C,487.64,2
122,33,2021-01-06 01:00:00,10,Product D,53.5,1
123,5,2021-01-06 02:00:00,7,Product D,286.25,10
124,41,2021-01-06 03:00:00,20,Product D,378.94,3
125,28,2021-01-06 04:00:00,5,Product D,408.92,1
126,7,2021-01-06 05:00:00,1,Product D,218.64,1
127,73,2021-01-06 06:00:00,17,Product E,118.0,1
128,72,2021-01-06 07:00:00,3,Product C,40.32,8
129,12,2021-01-06 08:00:00,13,Product D,298.27,3
130,34,2021-01-06 09:00:00,14,Product B,237.4,1
131,33,2021-01-06 10:00:00,18,Product B,475.4,7
132,48,2021-01-06 11:00:00,4,Product C,49.09,10
133,23,2021-01-06 12:00:00,18,Product A,348.99,3
134,62,2021-01-06 13:00:00,5,Product A,31.98,8
135,88,2021-01-06 14:00:00,16,Product A,102.29,4
136,37,2021-01-06 15:00:00,1,Product B,237.72,4
137,99,2021-01-06 16:00:00,14,Product A,238.34,5
138,44,2021-01-06 17:00:00,15,Product E,349.14,6
139,86,2021-01-06 18:00:00,9,Product D,456.9,7
140,91,2021-01-06 19:00:00,15,Product B,326.74,4
141,35,2021-01-06 20:00:00,17,Product C,477.7,8
142,65,2021-01-06 21:00:00,4,Product C,443.18,6
143,99,2021-01-06 22:00:00,12,Product D,300.56,1
144,47,2021-01-06 23:00:00,5,Product B,420.22,1
145,78,2021-01-07 00:00:00,5,Product A,328.44,9
146,3,2021-01-07 01:00:00,11,Product A,57.71,10
147,1,2021-01-07 02:00:00,6,Product E,375.47,6
148,5,2021-01-07 03:00:00,7,Product E,65.56,10
149,90,2021-01-07 04:00:00,14,Product A,305.16,8
150,14,2021-01-07 05:00:00,11,Product C,357.27,7
151,27,2021-01-07 06:00:00,13,Product C,51.93,6
152,9,2021-01-07 07:00:00,2,Product E,130.78,4
153,79,2021-01-07 08:00:00,7,Product D,459.52,7
154,15,2021-01-07 09:00:00,20,Product A,315.83,9
155,90,2021-01-07 10:00:00,4,Product E,138.22,10
156,42,2021-01-07 11:00:00,8,Product E,351.53,10
157,77,2021-01-07 12:00:00,20,Product A,306.45,7
158,51,2021-01-07 13:00:00,19,Product A,260.76,1
159,63,2021-01-07 14:00:00,13,Product C,488.57,10
160,96,2021-01-07 15:00:00,14,Product D,348.06,9
161,52,2021-01-07 16:00:00,10,Product D,200.21,4
162,96,2021-01-07 17:00:00,11,Product A,404.04,3
163,4,2021-01-07 18:00:00,2,Product B,444.6,4
164,94,2021-01-07 19:00:00,9,Product E,80.11,4
165,23,2021-01-07 20:00:00,17,Product E,116.27,10
166,15,2021-01-07 21:00:00,3,Product A,123.79,2
167,43,2021-01-07 22:00:00,6,Product B,351.78,1
168,29,2021-01-07 23:00:00,5,Product C,309.46,10
169,36,2021-01-08 00:00:00,5,Product A,317.12,1
170,13,2021-01-08 01:00:00,15,Product A,471.57,8
171,32,2021-01-08 02:00:00,17,Product E,392.44,2
172,71,2021-01-08 03:00:00,9,Product A,81.41,10
173,59,2021-01-08 04:00:00,3,Product A,186.8,5
174,86,2021-01-08 05:00:00,20,Product A,228.99,4
175,28,2021-01-08 06:00:00,17,Product E,210.06,8
176,66,2021-01-08 07:00:00,10,Product C,341.27,2
177,42,2021-01-08 08:00:00,3,Product C,448.11,10
178,45,2021-01-08 09:00:00,18,Product A,166.9,9
179,62,2021-01-08 10:00:00,18,Product E,284.9,7
180,57,2021-01-08 11:00:00,17,Product C,398.92,7
181,6,2021-01-08 12:00:00,3,Product C,219.78,1
182,28,2021-01-08 13:00:00,3,Product C,100.7,2
183,28,2021-01-08 14:00:00,6,Product E,247.98,4
184,44,2021-01-08 15:00:00,13,Product E,46.51,4
185,84,2021-01-08 16:00:00,15,Product A,472.34,3
186,30,2021-01-08 17:00:00,9,Product D,55.91,7
187,62,2021-01-08 18:00:00,4,Product C,230.46,8
188,75,2021-01-08 19:00:00,14,Product D,274.34,2
189,92,2021-01-08 20:00:00,5,Product E,492.95,4
190,89,2021-01-08 21:00:00,2,Product E,99.69,3
191,62,2021-01-08 22:00:00,11,Product E,74.93,2
192,97,2021-01-08 23:00:00,9,Product D,24.18,6
193,1,2021-01-09 00:00:00,3,Product E,94.67,4
194,27,2021-01-09 01:00:00,9,Product A,119.49,6
195,62,2021-01-09 02:00:00,3,Product E,322.68,2
196,77,2021-01-09 03:00:00,2,Product B,125.46,4
197,3,2021-01-09 04:00:00,12,Product D,29.85,6
198,70,2021-01-09 05:00:00,10,Product B,416.78,5
199,72,2021-01-09 06:00:00,9,Product E,195.49,3
200,27,2021-01-09 07:00:00,15,Product A,189.77,8
201,9,2021-01-09 08:00:00,8,Product C,165.19,7
202,62,2021-01-09 09:00:00,5,Product E,488.18,3
203,37,2021-01-09 10:00:00,11,Product A,101.66,6
204,97,2021-01-09 11:00:00,2,Product D,451.15,4
205,51,2021-01-09 12:00:00,15,Product B,392.87,5
206,44,2021-01-09 13:00:00,6,Product B,56.71,5
207,24,2021-01-09 14:00:00,8,Product B,493.63,7
208,79,2021-01-09 15:00:00,5,Product D,150.26,5
209,59,2021-01-09 16:00:00,16,Product A,67.32,3
210,32,2021-01-09 17:00:00,18,Product D,418.07,10
211,96,2021-01-09 18:00:00,6,Product B,359.2,5
212,88,2021-01-09 19:00:00,5,Product E,316.27,7
213,52,2021-01-09 20:00:00,16,Product C,94.87,5
214,62,2021-01-09 21:00:00,13,Product D,249.68,5
215,58,2021-01-09 22:00:00,5,Product D,394.67,9
216,52,2021-01-09 23:00:00,13,Product A,165.74,3
217,12,2021-01-10 00:00:00,17,Product A,169.61,6
218,39,2021-01-10 01:00:00,18,Product D,21.51,1
219,2,2021-01-10 02:00:00,8,Product B,103.64,10
220,3,2021-01-10 03:00:00,13,Product C,440.19,5
221,56,2021-01-10 04:00:00,19,Product A,232.04,8
222,81,2021-01-10 05:00:00,3,Product B,492.43,5
223,59,2021-01-10 06:00:00,8,Product E,209.94,9
224,2,2021-01-10 07:00:00,2,Product A,363.29,6
225,2,2021-01-10 08:00:00,8,Product B,155.32,8
226,92,2021-01-10 09:00:00,13,Product B,194.63,10
227,54,2021-01-10 10:00:00,13,Product C,111.55,8
228,87,2021-01-10 11:00:00,1,Product C,186.59,3
229,96,2021-01-10 12:00:00,6,Product E,282.67,7
230,97,2021-01-10 13:00:00,19,Product B,496.05,7
231,1,2021-01-10 14:00:00,16,Product B,338.82,10
232,19,2021-01-10 15:00:00,8,Product C,115.64,6
233,2,2021-01-10 16:00:00,1,Product A,41.58,7
234,53,2021-01-10 17:00:00,16,Product A,80.65,2
235,44,2021-01-10 18:00:00,9,Product D,290.03,9
236,90,2021-01-10 19:00:00,13,Product C,387.28,10
237,32,2021-01-10 20:00:00,11,Product D,471.4,10
238,70,2021-01-10 21:00:00,13,Product C,27.6,1
239,32,2021-01-10 22:00:00,10,Product E,270.92,1
240,68,2021-01-10 23:00:00,4,Product B,246.02,3
241,55,2021-01-11 00:00:00,6,Product E,334.91,3
242,75,2021-01-11 01:00:00,7,Product C,288.6,1
243,56,2021-01-11 02:00:00,5,Product B,349.78,7
244,17,2021-01-11 03:00:00,11,Product A,335.88,4
245,38,2021-01-11 04:00:00,13,Product A,76.17,10
246,24,2021-01-11 05:00:00,19,Product D,403.86,2
247,69,2021-01-11 06:00:00,10,Product C,79.15,10
248,98,2021-01-11 07:00:00,10,Product C,355.29,5
249,70,2021-01-11 08:00:00,11,Product A,219.75,6
250,86,2021-01-11 09:00:00,7,Product E,266.65,9
251,11,2021-01-11 10:00:00,18,Product B,453.58,4
252,16,2021-01-11 11:00:00,4,Product E,447.14,2
253,97,2021-01-11 12:00:00,2,Product E,412.57,5
254,73,2021-01-11 13:00:00,14,Product A,264.87,3
255,59,2021-01-11 14:00:00,13,Product A,373.4,2
256,70,2021-01-11 15:00:00,12,Product A,266.19,1
257,80,2021-01-11 16:00:00,7,Product D,437.41,10
258,93,2021-01-11 17:00:00,2,Product E,213.33,2
259,3,2021-01-11 18:00:00,13,Product C,485.71,6
260,20,2021-01-11 19:00:00,14,Product B,467.51,8
261,59,2021-01-11 20:00:00,17,Product D,375.97,3
262,36,2021-01-11 21:00:00,9,Product C,154.12,9
263,19,2021-01-11 22:00:00,17,Product E,83.19,9
264,90,2021-01-11 23:00:00,8,Product A,430.26,2
265,67,2021-01-12 00:00:00,2,Product E,99.35,8
266,19,2021-01-12 01:00:00,13,Product B,430.05,10
267,20,2021-01-12 02:00:00,3,Product D,255.57,5
268,96,2021-01-12 03:00:00,16,Product D,215.15,4
269,71,2021-01-12 04:00:00,6,Product B,453.53,10
270,52,2021-01-12 05:00:00,19,Product C,309.85,5
271,33,2021-01-12 06:00:00,7,Product C,296.77,4
272,40,2021-01-12 07:00:00,10,Product D,288.21,8
273,39,2021-01-12 08:00:00,9,Product D,198.16,4
274,82,2021-01-12 09:00:00,2,Product A,397.11,10
275,1,2021-01-12 10:00:00,15,Product C,141.34,6
276,11,2021-01-12 11:00:00,5,Product B,470.67,2
277,92,2021-01-12 12:00:00,4,Product C,449.11,5
278,57,2021-01-12 13:00:00,20,Product A,181.99,6
279,89,2021-01-12 14:00:00,4,Product D,370.14,5
280,50,2021-01-12 15:00:00,18,Product D,295.15,2
281,23,2021-01-12 16:00:00,4,Product A,182.07,7
282,31,2021-01-12 17:00:00,17,Product B,494.49,4
283,94,2021-01-12 18:00:00,12,Product D,32.11,8
284,42,2021-01-12 19:00:00,17,Product E,141.27,7
285,99,2021-01-12 20:00:00,10,Product D,269.64,7
286,7,2021-01-12 21:00:00,1,Product E,270.54,9
287,16,2021-01-12 22:00:00,18,Product A,302.69,1
288,90,2021-01-12 23:00:00,18,Product A,380.8,10
289,60,2021-01-13 00:00:00,14,Product D,319.27,6
290,2,2021-01-13 01:00:00,15,Product C,308.14,6
291,1,2021-01-13 02:00:00,12,Product E,45.69,6
292,48,2021-01-13 03:00:00,4,Product B,200.73,6
293,12,2021-01-13 04:00:00,3,Product D,131.39,10
294,69,2021-01-13 05:00:00,20,Product B,147.38,7
295,37,2021-01-13 06:00:00,12,Product D,286.08,10
296,32,2021-01-13 07:00:00,7,Product C,115.76,6
297,9,2021-01-13 08:00:00,11,Product C,161.1,1
298,99,2021-01-13 09:00:00,1,Product C,133.8,3
299,19,2021-01-13 10:00:00,6,Product C,475.28,2
300,48,2021-01-13 11:00:00,15,Product A,473.44,6
301,80,2021-01-13 12:00:00,15,Product A,312.77,8
302,3,2021-01-13 13:00:00,19,Product E,463.77,3
303,20,2021-01-13 14:00:00,11,Product B,397.19,10
304,24,2021-01-13 15:00:00,2,Product D,303.17,8
305,54,2021-01-13 16:00:00,14,Product D,23.09,8
306,33,2021-01-13 17:00:00,2,Product A,390.81,5
307,24,2021-01-13 18:00:00,4,Product D,357.19,8
308,75,2021-01-13 19:00:00,17,Product A,315.32,6
309,72,2021-01-13 20:00:00,3,Product E,385.0,5
310,36,2021-01-13 21:00:00,13,Product B,266.2,9
311,38,2021-01-13 22:00:00,9,Product E,357.96,7
312,84,2021-01-13 23:00:00,7,Product C,468.88,8
313,99,2021-01-14 00:00:00,15,Product C,200.39,1
314,89,2021-01-14 01:00:00,11,Product C,359.9,2
315,99,2021-01-14 02:00:00,20,Product E,248.33,8
316,25,2021-01-14 03:00:00,2,Product D,343.71,9
317,93,2021-01-14 04:00:00,15,Product B,386.19,4
318,18,2021-01-14 05:00:00,14,Product C,41.82,10
319,82,2021-01-14 06:00:00,20,Product C,330.37,10
320,66,2021-01-14 07:00:00,11,Product C,128.84,9
321,54,2021-01-14 08:00:00,3,Product B,341.62,4
322,35,2021-01-14 09:00:00,17,Product C,244.8,10
323,80,2021-01-14 10:00:00,12,Product B,391.31,10
324,61,2021-01-14 11:00:00,15,Product C,79.23,10
325,41,2021-01-14 12:00:00,16,Product E,320.63,9
326,100,2021-01-14 13:00:00,5,Product E,153.67,7
327,33,2021-01-14 14:00:00,20,Product B,429.43,2
328,68,2021-01-14 15:00:00,6,Product E,465.62,9
329,33,2021-01-14 16:00:00,19,Product B,498.27,4
330,14,2021-01-14 17:00:00,5,Product E,402.08,8
331,21,2021-01-14 18:00:00,3,Product E,381.79,7
332,48,2021-01-14 19:00:00,1,Product B,123.44,7
333,20,2021-01-14 20:00:00,6,Product D,181.28,8
334,8,2021-01-14 21:00:00,15,Product E,243.53,1
335,7,2021-01-14 22:00:00,2,Product C,391.22,5
336,67,2021-01-14 23:00:00,3,Product D,459.18,2
337,17,2021-01-15 00:00:00,17,Product B,110.79,2
338,33,2021-01-15 01:00:00,12,Product D,462.74,1
339,48,2021-01-15 02:00:00,18,Product A,353.9,5
340,76,2021-01-15 03:00:00,15,Product A,313.17,2
341,59,2021-01-15 04:00:00,12,Product E,115.92,4
342,86,2021-01-15 05:00:00,16,Product E,46.65,3
343,22,2021-01-15 06:00:00,8,Product C,292.86,3
344,30,2021-01-15 07:00:00,14,Product D,332.73,2
345,38,2021-01-15 08:00:00,17,Product A,121.18,6
346,51,2021-01-15 09:00:00,8,Product E,287.1,2
347,54,2021-01-15 10:00:00,15,Product D,431.12,8
348,8,2021-01-15 11:00:00,14,Product E,420.83,8
349,27,2021-01-15 12:00:00,18,Product E,465.13,5
350,27,2021-01-15 13:00:00,20,Product A,195.63,10
351,98,2021-01-15 14:00:00,7,Product A,172.66,7
352,21,2021-01-15 15:00:00,3,Product E,379.72,4
353,30,2021-01-15 16:00:00,12,Product B,226.93,1
354,97,2021-01-15 17:00:00,3,Product E,62.02,2
355,28,2021-01-15 18:00:00,20,Product E,155.74,10
356,64,2021-01-15 19:00:00,14,Product C,220.92,10
357,97,2021-01-15 20:00:00,15,Product C,160.41,4
358,69,2021-01-15 21:00:00,14,Product C,179.46,1
359,61,2021-01-15 22:00:00,7,Product B,161.01,8
360,48,2021-01-15 23:00:00,17,Product B,39.92,9
361,19,2021-01-16 00:00:00,12,Product E,325.81,4
362,4,2021-01-16 01:00:00,20,Product C,306.7,10
363,35,2021-01-16 02:00:00,4,Product B,333.62,3
364,64,2021-01-16 03:00:00,9,Product A,112.31,2
365,49,2021-01-16 04:00:00,6,Product E,161.91,5
366,17,2021-01-16 05:00:00,16,Product D,317.42,3
367,44,2021-01-16 06:00:00,2,Product E,307.82,10
368,92,2021-01-16 07:00:00,8,Product D,263.04,7
369,30,2021-01-16 08:00:00,11,Product C,188.2,6
370,93,2021-01-16 09:00:00,13,Product D,458.21,1
371,46,2021-01-16 10:00:00,17,Product C,183.09,8
372,6,2021-01-16 11:00:00,8,Product A,238.7,2
373,99,2021-01-16 12:00:00,18,Product D,345.49,5
374,37,2021-01-16 13:00:00,18,Product E,280.65,9
375,24,2021-01-16 14:00:00,14,Product C,186.51,8
376,93,2021-01-16 15:00:00,15,Product E,229.11,2
377,46,2021-01-16 16:00:00,6,Product B,401.35,9
378,53,2021-01-16 17:00:00,11,Product C,153.5,5
379,95,2021-01-16 18:00:00,13,Product D,88.28,10
380,99,2021-01-16 19:00:00,1,Product C,170.32,6
381,60,2021-01-16 20:00:00,6,Product E,427.78,3
382,97,2021-01-16 21:00:00,9,Product A,62.72,3
383,63,2021-01-16 22:00:00,8,Product C,496.01,10
384,85,2021-01-16 23:00:00,11,Product D,279.68,8
385,32,2021-01-17 00:00:00,19,Product B,492.73,10
386,87,2021-01-17 01:00:00,9,Product A,470.72,10
387,33,2021-01-17 02:00:00,17,Product B,237.35,2
388,67,2021-01-17 03:00:00,12,Product C,115.28,2
389,18,2021-01-17 04:00:00,14,Product E,99.14,5
390,25,2021-01-17 05:00:00,15,Product E,135.19,6
391,95,2021-01-17 06:00:00,16,Product D,360.86,2
392,54,2021-01-17 07:00:00,20,Product E,151.02,5
393,58,2021-01-17 08:00:00,1,Product A,183.88,7
394,67,2021-01-17 09:00:00,10,Product E,235.41,10
395,46,2021-01-17 10:00:00,8,Product D,458.35,10
396,24,2021-01-17 11:00:00,18,Product C,110.91,8
397,32,2021-01-17 12:00:00,1,Product C,22.41,7
398,47,2021-01-17 13:00:00,2,Product E,48.85,8
399,86,2021-01-17 14:00:00,1,Product B,454.29,9
400,23,2021-01-17 15:00:00,1,Product C,330.81,5
401,66,2021-01-17 16:00:00,9,Product E,151.06,5
402,27,2021-01-17 17:00:00,13,Product D,105.05,10
403,2,2021-01-17 18:00:00,1,Product E,161.25,4
404,90,2021-01-17 19:00:00,13,Product C,75.1,9
405,17,2021-01-17 20:00:00,20,Product D,471.94,5
406,33,2021-01-17 21:00:00,7,Product E,396.42,2
407,9,2021-01-17 22:00:00,2,Product A,241.95,10
408,43,2021-01-17 23:00:00,6,Product D,435.18,8
409,48,2021-01-18 00:00:00,7,Product A,139.74,7
410,39,2021-01-18 01:00:00,14,Product B,364.22,8
411,93,2021-01-18 02:00:00,18,Product D,430.94,3
412,42,2021-01-18 03:00:00,15,Product A,191.25,4
413,26,2021-01-18 04:00:00,2,Product C,383.58,5
414,99,2021-01-18 05:00:00,10,Product C,161.63,6
415,50,2021-01-18 06:00:00,12,Product B,163.45,1
416,25,2021-01-18 07:00:00,17,Product D,71.39,4
417,24,2021-01-18 08:00:00,8,Product D,231.23,10
418,13,2021-01-18 09:00:00,11,Product D,370.26,5
419,60,2021-01-18 10:00:00,3,Product B,471.31,7
420,7,2021-01-18 11:00:00,6,Product D,309.82,5
421,57,2021-01-18 12:00:00,9,Product C,434.31,1
422,36,2021-01-18 13:00:00,6,Product A,414.8,7
423,45,2021-01-18 14:00:00,9,Product C,103.2,8
424,20,2021-01-18 15:00:00,7,Product C,253.19,7
425,65,2021-01-18 16:00:00,9,Product A,76.12,4
426,8,2021-01-18 17:00:00,18,Product C,347.43,8
427,16,2021-01-18 18:00:00,12,Product B,475.95,5
428,14,2021-01-18 19:00:00,8,Product A,85.8,10
429,76,2021-01-18 20:00:00,8,Product C,372.26,9
430,87,2021-01-18 21:00:00,18,Product E,323.47,10
431,15,2021-01-18 22:00:00,20,Product C,300.13,5
432,92,2021-01-18 23:00:00,15,Product B,207.26,1
433,98,2021-01-19 00:00:00,7,Product D,190.46,9
434,66,2021-01-19 01:00:00,11,Product C,41.72,5
435,32,2021-01-19 02:00:00,20,Product D,124.6,6
436,87,2021-01-19 03:00:00,16,Product E,27.28,4
437,63,2021-01-19 04:00:00,4,Product C,299.08,6
438,86,2021-01-19 05:00:00,6,Product A,70.81,8
439,51,2021-01-19 06:00:00,3,Product D,439.05,3
440,25,2021-01-19 07:00:00,9,Product E,271.11,5
441,58,2021-01-19 08:00:00,10,Product A,355.85,2
442,63,2021-01-19 09:00:00,14,Product A,217.21,2
443,62,2021-01-19 10:00:00,11,Product A,289.08,7
444,22,2021-01-19 11:00:00,18,Product A,472.48,10
445,58,2021-01-19 12:00:00,12,Product C,59.71,10
446,58,2021-01-19 13:00:00,12,Product C,141.89,10
447,86,2021-01-19 14:00:00,13,Product C,394.39,6
448,49,2021-01-19 15:00:00,13,Product E,67.39,4
449,52,2021-01-19 16:00:00,19,Product E,56.32,5
450,42,2021-01-19 17:00:00,19,Product E,193.54,1
451,70,2021-01-19 18:00:00,14,Product B,64.24,7
452,15,2021-01-19 19:00:00,4,Product E,300.84,8
453,54,2021-01-19 20:00:00,13,Product C,128.61,9
454,60,2021-01-19 21:00:00,8,Product C,449.94,8
455,97,2021-01-19 22:00:00,19,Product B,396.08,5
456,8,2021-01-19 23:00:00,12,Product B,355.86,3
457,53,2021-01-20 00:00:00,18,Product E,316.13,10
458,60,2021-01-20 01:00:00,6,Product D,434.46,9
459,5,2021-01-20 02:00:00,18,Product B,127.07,6
460,68,2021-01-20 03:00:00,19,Product A,439.09,5
461,6,2021-01-20 04:00:00,5,Product C,398.96,3
462,96,2021-01-20 05:00:00,9,Product A,379.12,6
463,94,2021-01-20 06:00:00,3,Product C,289.4,3
464,47,2021-01-20 07:00:00,10,Product C,138.2,10
465,99,2021-01-20 08:00:00,19,Product B,223.3,6
466,55,2021-01-20 09:00:00,3,Product B,400.91,4
467,40,2021-01-20 10:00:00,15,Product A,35.25,2
468,52,2021-01-20 11:00:00,1,Product C,395.38,8
469,16,2021-01-20 12:00:00,7,Product A,135.23,4
470,13,2021-01-20 13:00:00,12,Product D,89.27,9
471,30,2021-01-20 14:00:00,17,Product A,75.54,7
472,19,2021-01-20 15:00:00,20,Product E,33.08,2
473,17,2021-01-20 16:00:00,5,Product A,271.32,4
474,63,2021-01-20 17:00:00,4,Product E,124.76,5
475,19,2021-01-20 18:00:00,12,Product E,494.93,3
476,92,2021-01-20 19:00:00,20,Product E,295.73,9
477,58,2021-01-20 20:00:00,18,Product D,86.18,5
478,55,2021-01-20 21:00:00,17,Product A,350.61,2
479,90,2021-01-20 22:00:00,19,Product A,450.92,3
480,90,2021-01-20 23:00:00,9,Product D,377.69,9
481,62,2021-01-21 00:00:00,4,Product C,56.69,7
482,23,2021-01-21 01:00:00,2,Product B,450.02,2
483,9,2021-01-21 02:00:00,4,Product A,401.09,9
484,12,2021-01-21 03:00:00,2,Product B,95.99,4
485,1,2021-01-21 04:00:00,15,Product D,44.86,9
486,58,2021-01-21 05:00:00,2,Product C,287.51,2
487,1,2021-01-21 06:00:00,4,Product C,94.9,10
488,34,2021-01-21 07:00:00,6,Product C,420.6,4
489,96,2021-01-21 08:00:00,7,Product D,192.0,5
490,48,2021-01-21 09:00:00,10,Product E,458.19,2
491,89,2021-01-21 10:00:00,19,Product E,291.53,10
492,1,2021-01-21 11:00:00,19,Product B,107.68,1
493,16,2021-01-21 12:00:00,12,Product E,87.01,7
494,61,2021-01-21 13:00:00,3,Product E,296.71,10
495,64,2021-01-21 14:00:00,13,Product C,385.7,1
496,63,2021-01-21 15:00:00,18,Product C,395.12,8
497,69,2021-01-21 16:00:00,8,Product B,152.36,3
498,22,2021-01-21 17:00:00,15,Product A,118.04,10
499,93,2021-01-21 18:00:00,1,Product B,28.04,6
500,67,2021-01-21 19:00:00,3,Product B,346.02,7
501,76,2021-01-21 20:00:00,8,Product D,56.75,10
502,26,2021-01-21 21:00:00,4,Product D,221.97,1
503,16,2021-01-21 22:00:00,16,Product B,308.81,6
504,51,2021-01-21 23:00:00,10,Product B,469.81,7
505,86,2021-01-22 00:00:00,12,Product B,169.67,6
506,57,2021-01-22 01:00:00,14,Product E,139.89,4
507,29,2021-01-22 02:00:00,14,Product D,334.0,1
508,78,2021-01-22 03:00:00,2,Product B,317.23,9
509,92,2021-01-22 04:00:00,5,Product C,179.41,4
510,69,2021-01-22 05:00:00,5,Product C,465.49,7
511,47,2021-01-22 06:00:00,6,Product E,425.53,7
512,94,2021-01-22 07:00:00,13,Product E,127.51,2
513,62,2021-01-22 08:00:00,9,Product A,134.79,1
514,69,2021-01-22 09:00:00,15,Product A,265.9,8
515,76,2021-01-22 10:00:00,14,Product A,391.31,8
516,16,2021-01-22 11:00:00,7,Product E,41.14,7
517,90,2021-01-22 12:00:00,20,Product E,352.8,8
518,90,2021-01-22 13:00:00,2,Product E,331.15,3
519,48,2021-01-22 14:00:00,7,Product C,131.11,2
520,85,2021-01-22 15:00:00,6,Product E,347.05,7
521,39,2021-01-22 16:00:00,17,Product C,471.29,8
522,100,2021-01-22 17:00:00,2,Product A,42.46,1
523,33,2021-01-22 18:00:00,3,Product A,173.43,10
524,94,2021-01-22 19:00:00,5,Product A,230.32,9
525,23,2021-01-22 20:00:00,5,Product B,451.64,4
526,10,2021-01-22 21:00:00,1,Product B,481.89,4
527,69,2021-01-22 22:00:00,8,Product D,233.18,3
528,100,2021-01-22 23:00:00,12,Product D,380.01,6
529,34,2021-01-23 00:00:00,4,Product D,275.2,1
530,52,2021-01-23 01:00:00,13,Product B,278.14,6
531,95,2021-01-23 02:00:00,15,Product B,153.49,2
532,10,2021-01-23 03:00:00,11,Product D,124.14,9
533,19,2021-01-23 04:00:00,10,Product D,158.24,2
534,58,2021-01-23 05:00:00,3,Product E,287.04,7
535,96,2021-01-23 06:00:00,14,Product D,33.99,1
536,1,2021-01-23 07:00:00,16,Product E,455.48,7
537,69,2021-01-23 08:00:00,10,Product C,95.02,5
538,4,2021-01-23 09:00:00,10,Product B,125.64,8
539,16,2021-01-23 10:00:00,12,Product D,268.77,4
540,24,2021-01-23 11:00:00,9,Product B,360.86,10
541,80,2021-01-23 12:00:00,1,Product B,65.95,7
542,2,2021-01-23 13:00:00,5,Product B,172.49,6
543,92,2021-01-23 14:00:00,20,Product C,484.96,5
544,32,2021-01-23 15:00:00,8,Product A,145.92,4
545,91,2021-01-23 16:00:00,11,Product D,170.26,7
546,84,2021-01-23 17:00:00,12,Product A,421.52,5
547,24,2021-01-23 18:00:00,1,Product A,44.1,5
548,12,2021-01-23 19:00:00,20,Product A,243.01,1
549,50,2021-01-23 20:00:00,11,Product B,202.22,2
550,35,2021-01-23 21:00:00,5,Product E,171.96,5
551,33,2021-01-23 22:00:00,15,Product B,157.14,3
552,33,2021-01-23 23:00:00,5,Product B,63.86,2
553,61,2021-01-24 00:00:00,12,Product A,171.12,4
554,51,2021-01-24 01:00:00,5,Product B,40.67,4
555,43,2021-01-24 02:00:00,17,Product A,394.86,4
556,12,2021-01-24 03:00:00,17,Product E,211.15,4
557,67,2021-01-24 04:00:00,12,Product D,233.07,3
558,65,2021-01-24 05:00:00,15,Product A,448.93,7
559,33,2021-01-24 06:00:00,15,Product E,335.87,9
560,40,2021-01-24 07:00:00,6,Product D,23.87,5
561,74,2021-01-24 08:00:00,12,Product C,472.72,4
562,43,2021-01-24 09:00:00,20,Product A,133.83,2
563,44,2021-01-24 10:00:00,18,Product A,71.65,2
564,29,2021-01-24 11:00:00,14,Product C,388.7,5
565,13,2021-01-24 12:00:00,2,Product C,260.23,7
566,12,2021-01-24 13:00:00,9,Product A,228.21,10
567,95,2021-01-24 14:00:00,5,Product C,139.76,10
568,46,2021-01-24 15:00:00,20,Product B,282.79,9
569,2,2021-01-24 16:00:00,1,Product D,151.7,7
570,35,2021-01-24 17:00:00,3,Product D,452.76,5
571,87,2021-01-24 18:00:00,6,Product D,123.3,10
572,81,2021-01-24 19:00:00,5,Product B,444.49,10
573,90,2021-01-24 20:00:00,5,Product C,288.51,10
574,8,2021-01-24 21:00:00,1,Product E,417.67,6
575,93,2021-01-24 22:00:00,17,Product C,362.17,3
576,26,2021-01-24 23:00:00,19,Product A,354.41,5
577,74,2021-01-25 00:00:00,14,Product D,175.69,8
578,90,2021-01-25 01:00:00,12,Product C,132.27,1
579,34,2021-01-25 02:00:00,10,Product E,121.23,1
580,7,2021-01-25 03:00:00,20,Product A,431.45,7
581,68,2021-01-25 04:00:00,18,Product B,413.8,5
582,58,2021-01-25 05:00:00,11,Product B,231.48,5
583,75,2021-01-25 06:00:00,2,Product E,83.55,1
584,29,2021-01-25 07:00:00,18,Product A,203.48,9
585,36,2021-01-25 08:00:00,7,Product D,317.28,1
586,89,2021-01-25 09:00:00,15,Product C,238.11,5
587,21,2021-01-25 10:00:00,11,Product A,394.49,10
588,36,2021-01-25 11:00:00,18,Product B,498.86,9
589,10,2021-01-25 12:00:00,12,Product E,111.74,4
590,73,2021-01-25 13:00:00,6,Product E,240.63,8
591,24,2021-01-25 14:00:00,20,Product C,226.87,6
592,64,2021-01-25 15:00:00,13,Product E,166.16,3
593,99,2021-01-25 16:00:00,20,Product E,115.09,4
594,49,2021-01-25 17:00:00,16,Product A,51.53,2
595,99,2021-01-25 18:00:00,18,Product D,445.82,1
596,36,2021-01-25 19:00:00,10,Product C,221.53,8
597,82,2021-01-25 20:00:00,8,Product A,258.51,1
598,96,2021-01-25 21:00:00,18,Product D,460.13,1
599,24,2021-01-25 22:00:00,1,Product A,392.62,4
600,23,2021-01-25 23:00:00,8,Product A,82.64,10
601,62,2021-01-26 00:00:00,6,Product E,291.4,10
602,96,2021-01-26 01:00:00,5,Product D,232.28,6
603,37,2021-01-26 02:00:00,15,Product C,402.66,9
604,12,2021-01-26 03:00:00,15,Product C,367.63,1
605,55,2021-01-26 04:00:00,2,Product D,351.39,7
606,13,2021-01-26 05:00:00,1,Product E,183.46,10
607,23,2021-01-26 06:00:00,11,Product B,406.38,5
608,89,2021-01-26 07:00:00,10,Product A,45.15,8
609,99,2021-01-26 08:00:00,18,Product E,96.62,7
610,30,2021-01-26 09:00:00,18,Product D,181.1,4
611,17,2021-01-26 10:00:00,17,Product A,56.87,4
612,62,2021-01-26 11:00:00,8,Product C,132.8,6
613,84,2021-01-26 12:00:00,15,Product B,418.47,6
614,89,2021-01-26 13:00:00,8,Product C,475.16,9
615,86,2021-01-26 14:00:00,17,Product D,166.21,5
616,13,2021-01-26 15:00:00,12,Product A,146.97,8
617,59,2021-01-26 16:00:00,8,Product D,154.35,5
618,19,2021-01-26 17:00:00,14,Product A,153.31,2
619,49,2021-01-26 18:00:00,4,Product E,37.25,6
620,100,2021-01-26 19:00:00,1,Product B,464.92,9
621,12,2021-01-26 20:00:00,1,Product E,122.58,3
622,61,2021-01-26 21:00:00,19,Product E,221.6,1
623,19,2021-01-26 22:00:00,16,Product D,24.65,1
624,76,2021-01-26 23:00:00,14,Product B,431.82,3
625,9,2021-01-27 00:00:00,16,Product A,370.96,10
626,71,2021-01-27 01:00:00,5,Product A,474.44,5
627,28,2021-01-27 02:00:00,9,Product C,395.18,3
628,78,2021-01-27 03:00:00,2,Product A,170.58,9
629,95,2021-01-27 04:00:00,18,Product D,138.98,8
630,52,2021-01-27 05:00:00,6,Product E,354.9,3
631,83,2021-01-27 06:00:00,9,Product E,194.77,9
632,16,2021-01-27 07:00:00,1,Product E,291.78,6
633,69,2021-01-27 08:00:00,9,Product B,23.0,7
634,99,2021-01-27 09:00:00,16,Product A,49.71,4
635,12,2021-01-27 10:00:00,13,Product D,276.98,4
636,25,2021-01-27 11:00:00,9,Product B,291.71,2
637,52,2021-01-27 12:00:00,13,Product C,380.7,5
638,85,2021-01-27 13:00:00,9,Product D,83.34,8
639,100,2021-01-27 14:00:00,11,Product D,266.33,7
640,53,2021-01-27 15:00:00,4,Product D,113.33,7
641,23,2021-01-27 16:00:00,2,Product E,64.73,6
642,16,2021-01-27 17:00:00,6,Product D,217.04,3
643,57,2021-01-27 18:00:00,14,Product A,98.4,5
644,39,2021-01-27 19:00:00,4,Product D,126.46,1
645,53,2021-01-27 20:00:00,6,Product E,172.43,7
646,42,2021-01-27 21:00:00,19,Product D,144.51,9
647,58,2021-01-27 22:00:00,6,Product C,62.04,1
648,39,2021-01-27 23:00:00,2,Product C,63.16,2
649,14,2021-01-28 00:00:00,18,Product E,112.76,3
650,95,2021-01-28 01:00:00,13,Product A,44.27,3
651,5,2021-01-28 02:00:00,9,Product A,320.7,8
652,35,2021-01-28 03:00:00,19,Product B,157.92,7
653,87,2021-01-28 04:00:00,13,Product E,154.28,6
654,93,2021-01-28 05:00:00,11,Product D,179.36,10
655,75,2021-01-28 06:00:00,1,Product E,338.14,10
656,18,2021-01-28 07:00:00,7,Product B,437.9,4
657,76,2021-01-28 08:00:00,15,Product E,384.36,9
658,9,2021-01-28 09:00:00,1,Product E,369.21,1
659,74,2021-01-28 10:00:00,12,Product B,252.51,2
660,58,2021-01-28 11:00:00,7,Product A,353.03,4
661,17,2021-01-28 12:00:00,15,Product D,285.33,3
662,7,2021-01-28 13:00:00,19,Product B,123.8,1
663,46,2021-01-28 14:00:00,1,Product C,120.12,5
664,13,2021-01-28 15:00:00,17,Product A,162.27,7
665,40,2021-01-28 16:00:00,17,Product C,457.19,2
666,42,2021-01-28 17:00:00,3,Product A,282.76,5
667,9,2021-01-28 18:00:00,12,Product D,372.27,6
668,50,2021-01-28 19:00:00,6,Product D,186.35,7
669,27,2021-01-28 20:00:00,11,Product E,215.7,1
670,66,2021-01-28 21:00:00,3,Product C,80.27,7
671,5,2021-01-28 22:00:00,8,Product A,102.22,4
672,29,2021-01-28 23:00:00,14,Product D,417.13,8
673,37,2021-01-29 00:00:00,14,Product B,300.72,4
674,38,2021-01-29 01:00:00,10,Product D,182.02,6
675,83,2021-01-29 02:00:00,2,Product B,405.37,9
676,8,2021-01-29 03:00:00,14,Product A,138.33,5
677,65,2021-01-29 04:00:00,9,Product D,488.5,4
678,86,2021-01-29 05:00:00,3,Product D,185.51,8
679,17,2021-01-29 06:00:00,8,Product A,181.91,9
680,71,2021-01-29 07:00:00,16,Product D,169.72,4
681,89,2021-01-29 08:00:00,2,Product B,78.61,3
682,45,2021-01-29 09:00:00,6,Product D,73.35,8
683,4,2021-01-29 10:00:00,12,Product C,331.09,5
684,36,2021-01-29 11:00:00,5,Product E,440.06,2
685,70,2021-01-29 12:00:00,2,Product B,399.45,10
686,31,2021-01-29 13:00:00,16,Product C,87.73,9
687,19,2021-01-29 14:00:00,5,Product A,281.88,3
688,61,2021-01-29 15:00:00,15,Product B,70.68,2
689,54,2021-01-29 16:00:00,12,Product E,41.74,1
690,39,2021-01-29 17:00:00,4,Product E,335.07,8
691,91,2021-01-29 18:00:00,15,Product A,276.87,3
692,74,2021-01-29 19:00:00,11,Product A,59.37,7
693,90,2021-01-29 20:00:00,16,Product B,36.77,1
694,19,2021-01-29 21:00:00,6,Product D,495.08,1
695,39,2021-01-29 22:00:00,14,Product A,34.41,9
696,67,2021-01-29 23:00:00,18,Product D,233.37,8
697,45,2021-01-30 00:00:00,12,Product C,262.22,3
698,13,2021-01-30 01:00:00,11,Product E,76.29,6
699,92,2021-01-30 02:00:00,13,Product D,101.15,3
700,58,2021-01-30 03:00:00,11,Product E,188.87,4
701,20,2021-01-30 04:00:00,16,Product D,385.6,1
702,92,2021-01-30 05:00:00,15,Product C,263.4,5
703,72,2021-01-30 06:00:00,15,Product A,326.19,1
704,61,2021-01-30 07:00:00,4,Product C,492.88,1
705,39,2021-01-30 08:00:00,11,Product A,388.64,10
706,1,2021-01-30 09:00:00,19,Product A,228.49,7
707,3,2021-01-30 10:00:00,15,Product E,234.29,6
708,77,2021-01-30 11:00:00,4,Product C,317.01,2
709,92,2021-01-30 12:00:00,13,Product D,339.38,2
710,62,2021-01-30 13:00:00,19,Product C,260.34,7
711,63,2021-01-30 14:00:00,2,Product E,329.53,1
712,25,2021-01-30 15:00:00,14,Product A,31.3,2
713,56,2021-01-30 16:00:00,4,Product E,226.22,8
714,33,2021-01-30 17:00:00,16,Product B,153.89,6
715,38,2021-01-30 18:00:00,20,Product B,82.0,2
716,6,2021-01-30 19:00:00,14,Product D,67.78,7
717,58,2021-01-30 20:00:00,15,Product E,309.53,4
718,44,2021-01-30 21:00:00,3,Product D,271.33,2
719,45,2021-01-30 22:00:00,8,Product D,141.72,6
720,32,2021-01-30 23:00:00,16,Product B,246.06,9
721,45,2021-01-31 00:00:00,10,Product D,256.27,9
722,61,2021-01-31 01:00:00,4,Product B,113.6,8
723,47,2021-01-31 02:00:00,18,Product A,333.0,3
724,21,2021-01-31 03:00:00,2,Product E,394.84,3
725,80,2021-01-31 04:00:00,17,Product D,399.9,2
726,85,2021-01-31 05:00:00,13,Product B,309.19,5
727,75,2021-01-31 06:00:00,4,Product C,265.59,4
728,36,2021-01-31 07:00:00,11,Product D,49.28,7
729,99,2021-01-31 08:00:00,7,Product A,158.16,4
730,19,2021-01-31 09:00:00,12,Product A,64.77,9
731,20,2021-01-31 10:00:00,10,Product C,482.64,2
732,57,2021-01-31 11:00:00,7,Product B,84.84,6
733,18,2021-01-31 12:00:00,13,Product D,92.85,7
734,47,2021-01-31 13:00:00,7,Product B,447.0,4
735,49,2021-01-31 14:00:00,17,Product A,473.09,6
736,14,2021-01-31 15:00:00,10,Product B,387.6,7
737,15,2021-01-31 16:00:00,10,Product A,22.59,4
738,31,2021-01-31 17:00:00,4,Product B,20.65,8
739,1,2021-01-31 18:00:00,20,Product C,201.49,9
740,54,2021-01-31 19:00:00,4,Product E,88.83,1
741,3,2021-01-31 20:00:00,7,Product C,28.83,7
742,16,2021-01-31 21:00:00,1,Product C,242.75,9
743,87,2021-01-31 22:00:00,12,Product E,472.67,10
744,57,2021-01-31 23:00:00,13,Product E,175.43,5
745,75,2021-02-01 00:00:00,10,Product D,337.35,2
746,12,2021-02-01 01:00:00,15,Product D,333.07,10
747,74,2021-02-01 02:00:00,13,Product C,140.52,6
748,96,2021-02-01 03:00:00,9,Product C,332.2,7
749,16,2021-02-01 04:00:00,9,Product A,121.92,2
750,72,2021-02-01 05:00:00,15,Product A,78.56,2
751,76,2021-02-01 06:00:00,10,Product D,356.66,10
752,24,2021-02-01 07:00:00,10,Product D,74.45,10
753,28,2021-02-01 08:00:00,8,Product A,498.52,1
754,8,2021-02-01 09:00:00,16,Product A,108.06,4
755,92,2021-02-01 10:00:00,17,Product B,305.19,7
756,36,2021-02-01 11:00:00,5,Product B,217.46,9
757,90,2021-02-01 12:00:00,4,Product A,80.67,3
758,8,2021-02-01 13:00:00,18,Product B,33.37,7
759,58,2021-02-01 14:00:00,19,Product E,318.91,7
760,60,2021-02-01 15:00:00,4,Product D,407.24,7
761,50,2021-02-01 16:00:00,7,Product D,424.17,2
762,28,2021-02-01 17:00:00,10,Product A,251.7,6
763,92,2021-02-01 18:00:00,18,Product C,393.18,2
764,41,2021-02-01 19:00:00,19,Product A,342.97,6
765,100,2021-02-01 20:00:00,4,Product B,367.64,10
766,64,2021-02-01 21:00:00,10,Product C,256.45,3
767,27,2021-02-01 22:00:00,1,Product B,324.04,2
768,63,2021-02-01 23:00:00,18,Product E,406.65,6
769,17,2021-02-02 00:00:00,5,Product B,210.98,2
770,73,2021-02-02 01:00:00,15,Product E,406.87,5
771,33,2021-02-02 02:00:00,17,Product E,304.17,2
772,84,2021-02-02 03:00:00,3,Product B,99.63,3
773,77,2021-02-02 04:00:00,12,Product B,31.85,3
774,92,2021-02-02 05:00:00,2,Product E,194.12,6
775,29,2021-02-02 06:00:00,1,Product C,282.41,6
776,13,2021-02-02 07:00:00,17,Product E,423.11,10
777,46,2021-02-02 08:00:00,16,Product D,81.19,3
778,35,2021-02-02 09:00:00,5,Product E,404.1,3
779,6,2021-02-02 10:00:00,15,Product C,434.24,1
780,82,2021-02-02 11:00:00,3,Product D,92.33,7
781,69,2021-02-02 12:00:00,7,Product A,428.77,8
782,47,2021-02-02 13:00:00,11,Product A,495.9,2
783,25,2021-02-02 14:00:00,10,Product C,368.88,4
784,66,2021-02-02 15:00:00,9,Product E,396.69,10
785,10,2021-02-02 16:00:00,14,Product B,497.32,7
786,56,2021-02-02 17:00:00,13,Product C,310.63,8
787,30,2021-02-02 18:00:00,2,Product D,167.79,1
788,5,2021-02-02 19:00:00,3,Product D,422.01,4
789,33,2021-02-02 20:00:00,7,Product A,314.95,6
790,65,2021-02-02 21:00:00,18,Product D,298.97,3
791,18,2021-02-02 22:00:00,3,Product C,141.75,5
792,96,2021-02-02 23:00:00,10,Product D,383.04,10
793,49,2021-02-03 00:00:00,7,Product C,59.2,9
794,11,2021-02-03 01:00:00,9,Product B,463.66,3
795,85,2021-02-03 02:00:00,17,Product A,176.4,5
796,26,2021-02-03 03:00:00,11,Product D,81.33,8
797,63,2021-02-03 04:00:00,7,Product C,232.34,6
798,89,2021-02-03 05:00:00,14,Product E,40.39,4
799,86,2021-02-03 06:00:00,19,Product A,348.62,8
800,59,2021-02-03 07:00:00,4,Product B,453.3,3
801,27,2021-02-03 08:00:00,6,Product C,421.89,3
802,49,2021-02-03 09:00:00,10,Product B,81.14,4
803,77,2021-02-03 10:00:00,7,Product B,80.61,9
804,33,2021-02-03 11:00:00,13,Product D,410.45,5
805,98,2021-02-03 12:00:00,14,Product D,463.64,8
806,99,2021-02-03 13:00:00,4,Product C,241.12,6
807,1,2021-02-03 14:00:00,8,Product E,259.51,3
808,21,2021-02-03 15:00:00,5,Product C,172.77,8
809,55,2021-02-03 16:00:00,1,Product E,449.25,9
810,6,2021-02-03 17:00:00,4,Product B,329.55,8
811,92,2021-02-03 18:00:00,3,Product A,158.36,4
812,81,2021-02-03 19:00:00,9,Product C,163.42,6
813,69,2021-02-03 20:00:00,8,Product C,447.78,1
814,95,2021-02-03 21:00:00,1,Product E,26.54,4
815,5,2021-02-03 22:00:00,6,Product B,174.91,8
816,3,2021-02-03 23:00:00,9,Product B,286.09,1
817,53,2021-02-04 00:00:00,7,Product E,91.14,3
818,23,2021-02-04 01:00:00,4,Product B,64.21,1
819,53,2021-02-04 02:00:00,13,Product D,411.33,9
820,37,2021-02-04 03:00:00,17,Product A,449.31,2
821,74,2021-02-04 04:00:00,2,Product C,415.33,9
822,74,2021-02-04 05:00:00,5,Product A,451.42,4
823,83,2021-02-04 06:00:00,12,Product C,285.49,2
824,17,2021-02-04 07:00:00,8,Product D,409.88,4
825,85,2021-02-04 08:00:00,6,Product B,204.34,10
826,78,2021-02-04 09:00:00,8,Product E,339.81,6
827,73,2021-02-04 10:00:00,18,Product D,494.64,7
828,1,2021-02-04 11:00:00,3,Product A,128.35,3
829,51,2021-02-04 12:00:00,12,Product E,207.15,3
830,45,2021-02-04 13:00:00,3,Product B,250.42,10
831,77,2021-02-04 14:00:00,6,Product D,86.25,8
832,4,2021-02-04 15:00:00,2,Product E,58.9,5
833,62,2021-02-04 16:00:00,12,Product D,418.27,4
834,65,2021-02-04 17:00:00,2,Product D,488.86,7
835,32,2021-02-04 18:00:00,6,Product B,214.27,7
836,34,2021-02-04 19:00:00,17,Product C,62.07,9
837,92,2021-02-04 20:00:00,3,Product E,51.59,9
838,95,2021-02-04 21:00:00,2,Product B,447.83,5
839,72,2021-02-04 22:00:00,20,Product D,242.63,8
840,39,2021-02-04 23:00:00,8,Product B,173.61,10
841,26,2021-02-05 00:00:00,12,Product C,248.7,1
842,34,2021-02-05 01:00:00,4,Product E,172.79,9
843,54,2021-02-05 02:00:00,5,Product C,254.74,8
844,3,2021-02-05 03:00:00,13,Product A,432.59,6
845,50,2021-02-05 04:00:00,15,Product E,304.3,3
846,12,2021-02-05 05:00:00,16,Product C,353.43,3
847,65,2021-02-05 06:00:00,10,Product D,195.04,8
848,54,2021-02-05 07:00:00,16,Product E,374.48,5
849,5,2021-02-05 08:00:00,12,Product E,339.98,10
850,94,2021-02-05 09:00:00,17,Product B,77.39,7
851,94,2021-02-05 10:00:00,16,Product D,294.87,5
852,57,2021-02-05 11:00:00,12,Product A,143.24,8
853,17,2021-02-05 12:00:00,8,Product C,405.97,10
854,47,2021-02-05 13:00:00,20,Product B,224.45,10
855,23,2021-02-05 14:00:00,3,Product C,497.45,4
856,79,2021-02-05 15:00:00,16,Product A,64.4,2
857,85,2021-02-05 16:00:00,13,Product A,394.57,3
858,14,2021-02-05 17:00:00,19,Product E,343.38,8
859,66,2021-02-05 18:00:00,8,Product A,388.4,7
860,75,2021-02-05 19:00:00,5,Product C,167.61,2
861,51,2021-02-05 20:00:00,20,Product D,256.19,6
862,38,2021-02-05 21:00:00,8,Product D,402.32,9
863,64,2021-02-05 22:00:00,12,Product E,131.62,4
864,98,2021-02-05 23:00:00,1,Product C,128.5,9
865,38,2021-02-06 00:00:00,20,Product C,284.5,2
866,50,2021-02-06 01:00:00,6,Product A,271.31,2
867,98,2021-02-06 02:00:00,18,Product C,155.49,9
868,82,2021-02-06 03:00:00,8,Product B,163.08,7
869,30,2021-02-06 04:00:00,7,Product A,153.37,7
870,79,2021-02-06 05:00:00,1,Product B,390.33,1
871,91,2021-02-06 06:00:00,16,Product E,332.91,6
872,51,2021-02-06 07:00:00,12,Product D,419.56,7
873,63,2021-02-06 08:00:00,6,Product E,488.23,6
874,98,2021-02-06 09:00:00,20,Product D,247.6,6
875,52,2021-02-06 10:00:00,2,Product E,52.01,2
876,38,2021-02-06 11:00:00,14,Product C,43.08,6
877,97,2021-02-06 12:00:00,4,Product B,161.92,4
878,88,2021-02-06 13:00:00,1,Product D,467.62,9
879,79,2021-02-06 14:00:00,18,Product A,271.14,1
880,30,2021-02-06 15:00:00,13,Product B,150.46,8
881,51,2021-02-06 16:00:00,2,Product A,211.6,5
882,81,2021-02-06 17:00:00,9,Product B,307.33,1
883,5,2021-02-06 18:00:00,2,Product B,333.42,4
884,29,2021-02-06 19:00:00,9,Product E,93.88,1
885,4,2021-02-06 20:00:00,1,Product D,488.98,6
886,10,2021-02-06 21:00:00,11,Product D,281.49,2
887,56,2021-02-06 22:00:00,3,Product B,85.13,5
888,17,2021-02-06 23:00:00,20,Product C,448.94,7
889,74,2021-02-07 00:00:00,4,Product C,55.83,2
890,17,2021-02-07 01:00:00,18,Product A,455.71,6
891,84,2021-02-07 02:00:00,6,Product A,498.35,6
892,88,2021-02-07 03:00:00,3,Product E,356.21,5
893,69,2021-02-07 04:00:00,11,Product B,389.81,5
894,34,2021-02-07 05:00:00,15,Product A,181.91,3
895,6,2021-02-07 06:00:00,5,Product A,471.96,10
896,53,2021-02-07 07:00:00,20,Product B,274.26,10
897,66,2021-02-07 08:00:00,10,Product E,371.55,2
898,77,2021-02-07 09:00:00,12,Product A,463.57,7
899,43,2021-02-07 10:00:00,15,Product E,488.09,1
900,75,2021-02-07 11:00:00,17,Product D,419.94,6
901,23,2021-02-07 12:00:00,10,Product E,165.45,6
902,55,2021-02-07 13:00:00,6,Product C,483.94,3
903,80,2021-02-07 14:00:00,18,Product C,321.5,2
904,95,2021-02-07 15:00:00,13,Product E,466.71,2
905,75,2021-02-07 16:00:00,3,Product C,344.53,9
906,16,2021-02-07 17:00:00,10,Product D,167.47,5
907,8,2021-02-07 18:00:00,14,Product B,197.61,7
908,4,2021-02-07 19:00:00,6,Product C,284.23,5
909,4,2021-02-07 20:00:00,3,Product C,399.21,7
910,56,2021-02-07 21:00:00,16,Product E,172.63,4
911,25,2021-02-07 22:00:00,7,Product D,298.27,8
912,67,2021-02-07 23:00:00,20,Product B,185.9,10
913,96,2021-02-08 00:00:00,14,Product E,411.57,10
914,67,2021-02-08 01:00:00,9,Product E,244.03,7
915,27,2021-02-08 02:00:00,15,Product D,56.83,10
916,93,2021-02-08 03:00:00,3,Product B,99.71,5
917,32,2021-02-08 04:00:00,2,Product D,49.33,6
918,50,2021-02-08 05:00:00,2,Product B,259.67,5
919,61,2021-02-08 06:00:00,3,Product D,71.04,7
920,51,2021-02-08 07:00:00,18,Product E,74.79,2
921,19,2021-02-08 08:00:00,14,Product E,471.7,5
922,21,2021-02-08 09:00:00,20,Product A,438.87,10
923,5,2021-02-08 10:00:00,18,Product C,237.0,3
924,82,2021-02-08 11:00:00,10,Product D,493.19,9
925,92,2021-02-08 12:00:00,2,Product A,20.09,6
926,42,2021-02-08 13:00:00,1,Product C,314.71,10
927,61,2021-02-08 14:00:00,4,Product D,315.89,3
928,22,2021-02-08 15:00:00,14,Product B,239.57,7
929,21,2021-02-08 16:00:00,1,Product C,210.54,4
930,70,2021-02-08 17:00:00,14,Product E,238.58,3
931,1,2021-02-08 18:00:00,16,Product A,219.18,8
932,5,2021-02-08 19:00:00,14,Product C,370.64,4
933,12,2021-02-08 20:00:00,20,Product C,84.97,1
934,90,2021-02-08 21:00:00,3,Product E,114.87,6
935,46,2021-02-08 22:00:00,3,Product D,106.65,10
936,34,2021-02-08 23:00:00,9,Product B,145.99,1
937,49,2021-02-09 00:00:00,6,Product E,272.12,5
938,78,2021-02-09 01:00:00,13,Product B,73.38,7
939,90,2021-02-09 02:00:00,2,Product D,436.72,6
940,45,2021-02-09 03:00:00,8,Product C,162.73,2
941,27,2021-02-09 04:00:00,2,Product B,98.02,4
942,73,2021-02-09 05:00:00,4,Product A,344.3,2
943,26,2021-02-09 06:00:00,15,Product A,38.28,1
944,47,2021-02-09 07:00:00,4,Product E,317.58,3
945,86,2021-02-09 08:00:00,13,Product D,355.14,3
946,56,2021-02-09 09:00:00,12,Product E,123.16,7
947,94,2021-02-09 10:00:00,13,Product E,40.14,1
948,63,2021-02-09 11:00:00,14,Product E,194.55,9
949,48,2021-02-09 12:00:00,20,Product A,67.33,6
950,61,2021-02-09 13:00:00,18,Product A,75.91,4
951,81,2021-02-09 14:00:00,6,Product E,142.05,3
952,26,2021-02-09 15:00:00,11,Product A,161.82,3
953,36,2021-02-09 16:00:00,2,Product D,274.39,2
954,1,2021-02-09 17:00:00,19,Product E,345.63,2
955,8,2021-02-09 18:00:00,19,Product A,304.53,10
956,99,2021-02-09 19:00:00,5,Product B,91.21,5
957,52,2021-02-09 20:00:00,19,Product E,102.6,9
958,79,2021-02-09 21:00:00,2,Product E,441.81,2
959,47,2021-02-09 22:00:00,10,Product D,288.01,2
960,56,2021-02-09 23:00:00,2,Product C,437.57,6
961,86,2021-02-10 00:00:00,11,Product C,198.34,10
962,14,2021-02-10 01:00:00,18,Product D,314.91,2
963,90,2021-02-10 02:00:00,15,Product D,271.36,4
964,28,2021-02-10 03:00:00,9,Product D,173.18,6
965,87,2021-02-10 04:00:00,19,Product C,245.56,5
966,78,2021-02-10 05:00:00,9,Product D,261.2,1
967,88,2021-02-10 06:00:00,3,Product A,116.37,6
968,2,2021-02-10 07:00:00,9,Product E,171.2,1
969,26,2021-02-10 08:00:00,14,Product E,399.88,3
970,14,2021-02-10 09:00:00,19,Product B,459.58,10
971,59,2021-02-10 10:00:00,7,Product B,192.7,5
972,56,2021-02-10 11:00:00,16,Product E,167.35,10
973,7,2021-02-10 12:00:00,16,Product A,113.69,5
974,3,2021-02-10 13:00:00,1,Product C,345.68,10
975,23,2021-02-10 14:00:00,4,Product C,175.09,6
976,18,2021-02-10 15:00:00,4,Product A,494.12,10
977,38,2021-02-10 16:00:00,7,Product C,176.33,8
978,99,2021-02-10 17:00:00,8,Product D,209.19,5
979,15,2021-02-10 18:00:00,17,Product E,309.6,1
980,64,2021-02-10 19:00:00,5,Product E,404.81,5
981,89,2021-02-10 20:00:00,7,Product A,245.37,3
982,28,2021-02-10 21:00:00,20,Product C,222.87,4
983,74,2021-02-10 22:00:00,20,Product B,497.91,8
984,39,2021-02-10 23:00:00,4,Product B,25.04,7
985,57,2021-02-11 00:00:00,6,Product C,449.63,5
986,17,2021-02-11 01:00:00,7,Product B,91.59,2
987,86,2021-02-11 02:00:00,18,Product A,397.24,6
988,90,2021-02-11 03:00:00,5,Product A,316.61,6
989,44,2021-02-11 04:00:00,20,Product C,184.09,10
990,25,2021-02-11 05:00:00,3,Product B,439.46,10
991,17,2021-02-11 06:00:00,7,Product A,26.2,6
992,13,2021-02-11 07:00:00,14,Product A,128.81,9
993,84,2021-02-11 08:00:00,7,Product D,292.11,8
994,25,2021-02-11 09:00:00,5,Product D,188.74,8
995,68,2021-02-11 10:00:00,5,Product A,312.98,1
996,10,2021-02-11 11:00:00,2,Product C,31.57,5
997,67,2021-02-11 12:00:00,6,Product E,75.9,7
998,18,2021-02-11 13:00:00,15,Product E,81.01,6
999,100,2021-02-11 14:00:00,10,Product A,110.86,5
1000,86,2021-02-11 15:00:00,7,Product A,240.48,8
1001,34,2021-02-11 16:00:00,5,Product A,381.02,3
1002,8,2021-02-11 17:00:00,1,Product C,454.66,6
1003,40,2021-02-11 18:00:00,13,Product D,420.98,5
1004,83,2021-02-11 19:00:00,18,Product A,114.51,8
1005,42,2021-02-11 20:00:00,13,Product A,231.75,4
1006,41,2021-02-11 21:00:00,18,Product B,115.72,8
1007,6,2021-02-11 22:00:00,5,Product C,146.95,10
1008,52,2021-02-11 23:00:00,13,Product A,261.7,2
1009,26,2021-02-12 00:00:00,4,Product B,52.69,9
1010,64,2021-02-12 01:00:00,17,Product E,124.72,9
1011,98,2021-02-12 02:00:00,3,Product A,468.98,10
1012,59,2021-02-12 03:00:00,17,Product A,243.74,10
1013,56,2021-02-12 04:00:00,11,Product B,233.79,6
1014,59,2021-02-12 05:00:00,20,Product C,26.99,4
1015,70,2021-02-12 06:00:00,4,Product A,138.75,4
1016,33,2021-02-12 07:00:00,2,Product E,435.82,6
1017,53,2021-02-12 08:00:00,20,Product A,99.02,5
1018,22,2021-02-12 09:00:00,16,Product E,219.26,6
1019,21,2021-02-12 10:00:00,18,Product D,26.88,7
1020,70,2021-02-12 11:00:00,8,Product D,249.6,7
1021,70,2021-02-12 12:00:00,3,Product E,30.09,9
1022,4,2021-02-12 13:00:00,9,Product C,413.41,8
1023,94,2021-02-12 14:00:00,20,Product A,415.93,6
1024,75,2021-02-12 15:00:00,6,Product A,398.12,6
1025,62,2021-02-12 16:00:00,10,Product D,156.01,5
1026,62,2021-02-12 17:00:00,10,Product E,421.87,1
1027,94,2021-02-12 18:00:00,13,Product A,280.64,9
1028,95,2021-02-12 19:00:00,17,Product A,199.43,9
1029,24,2021-02-12 20:00:00,9,Product C,320.16,9
1030,55,2021-02-12 21:00:00,17,Product B,25.92,8
1031,9,2021-02-12 22:00:00,9,Product D,88.62,10
1032,3,2021-02-12 23:00:00,9,Product D,376.3,3
1033,31,2021-02-13 00:00:00,1,Product B,137.2,1
1034,40,2021-02-13 01:00:00,2,Product A,307.04,8
1035,36,2021-02-13 02:00:00,16,Product C,204.85,7
1036,24,2021-02-13 03:00:00,1,Product C,430.31,5
1037,95,2021-02-13 04:00:00,10,Product D,477.16,10
1038,6,2021-02-13 05:00:00,18,Product C,444.11,7
1039,66,2021-02-13 06:00:00,8,Product B,149.9,10
1040,84,2021-02-13 07:00:00,11,Product A,113.2,4
1041,92,2021-02-13 08:00:00,2,Product B,247.73,9
1042,75,2021-02-13 09:00:00,8,Product E,23.52,10
1043,4,2021-02-13 10:00:00,8,Product D,32.39,2
1044,79,2021-02-13 11:00:00,17,Product C,285.58,9
1045,6,2021-02-13 12:00:00,15,Product E,269.82,9
1046,94,2021-02-13 13:00:00,17,Product C,497.4,5
1047,51,2021-02-13 14:00:00,13,Product A,116.88,1
1048,62,2021-02-13 15:00:00,19,Product A,143.89,7
1049,57,2021-02-13 16:00:00,5,Product A,74.5,10
1050,66,2021-02-13 17:00:00,12,Product C,460.42,10
1051,79,2021-02-13 18:00:00,1,Product E,393.35,4
1052,75,2021-02-13 19:00:00,5,Product A,414.72,9
1053,8,2021-02-13 20:00:00,8,Product E,453.33,6
1054,26,2021-02-13 21:00:00,13,Product C,271.95,3
1055,51,2021-02-13 22:00:00,8,Product E,236.57,6
1056,45,2021-02-13 23:00:00,11,Product C,178.59,10
1057,44,2021-02-14 00:00:00,1,Product C,302.82,6
1058,5,2021-02-14 01:00:00,13,Product D,238.05,5
1059,70,2021-02-14 02:00:00,19,Product C,236.75,2
1060,26,2021-02-14 03:00:00,3,Product C,469.73,10
1061,68,2021-02-14 04:00:00,17,Product B,492.34,10
1062,19,2021-02-14 05:00:00,5,Product A,402.31,2
1063,84,2021-02-14 06:00:00,20,Product D,383.24,7
1064,97,2021-02-14 07:00:00,8,Product D,346.67,2
1065,20,2021-02-14 08:00:00,14,Product D,99.72,6
1066,12,2021-02-14 09:00:00,4,Product B,48.37,5
1067,47,2021-02-14 10:00:00,11,Product C,351.55,4
1068,1,2021-02-14 11:00:00,20,Product A,369.82,7
1069,90,2021-02-14 12:00:00,15,Product E,42.55,8
1070,14,2021-02-14 13:00:00,19,Product C,465.46,4
1071,64,2021-02-14 14:00:00,7,Product B,63.75,1
1072,38,2021-02-14 15:00:00,19,Product C,157.23,1
1073,37,2021-02-14 16:00:00,19,Product C,342.75,1
1074,11,2021-02-14 17:00:00,11,Product B,101.54,1
1075,100,2021-02-14 18:00:00,5,Product D,46.6,5
1076,77,2021-02-14 19:00:00,5,Product D,178.95,4
1077,3,2021-02-14 20:00:00,8,Product A,387.67,9
1078,33,2021-02-14 21:00:00,10,Product A,218.57,3
1079,6,2021-02-14 22:00:00,6,Product D,333.43,7
1080,50,2021-02-14 23:00:00,15,Product E,298.22,8
1081,10,2021-02-15 00:00:00,16,Product C,30.66,6
1082,5,2021-02-15 01:00:00,17,Product E,494.5,10
1083,23,2021-02-15 02:00:00,8,Product C,39.89,1
1084,10,2021-02-15 03:00:00,8,Product D,484.55,8
1085,44,2021-02-15 04:00:00,9,Product A,283.93,10
1086,2,2021-02-15 05:00:00,2,Product A,482.32,3
1087,13,2021-02-15 06:00:00,15,Product E,75.08,8
1088,40,2021-02-15 07:00:00,18,Product A,255.4,4
1089,2,2021-02-15 08:00:00,3,Product D,101.36,8
1090,84,2021-02-15 09:00:00,17,Product E,44.47,1
1091,65,2021-02-15 10:00:00,4,Product C,316.41,3
1092,63,2021-02-15 11:00:00,4,Product A,119.74,6
1093,73,2021-02-15 12:00:00,14,Product B,302.09,9
1094,17,2021-02-15 13:00:00,9,Product A,73.93,2
1095,9,2021-02-15 14:00:00,9,Product C,179.35,1
1096,75,2021-02-15 15:00:00,18,Product E,395.18,10
1097,15,2021-02-15 16:00:00,10,Product C,229.78,3
1098,24,2021-02-15 17:00:00,4,Product B,321.32,4
1099,38,2021-02-15 18:00:00,12,Product D,330.78,5
1100,35,2021-02-15 19:00:00,8,Product A,425.0,3
1101,94,2021-02-15 20:00:00,2,Product E,175.96,10
1102,95,2021-02-15 21:00:00,13,Product D,349.9,2
1103,49,2021-02-15 22:00:00,16,Product C,481.58,2
1104,69,2021-02-15 23:00:00,2,Product E,370.52,7
1105,62,2021-02-16 00:00:00,11,Product D,255.14,9
1106,60,2021-02-16 01:00:00,10,Product E,322.74,10
1107,50,2021-02-16 02:00:00,15,Product B,375.05,2
1108,78,2021-02-16 03:00:00,17,Product B,313.89,7
1109,75,2021-02-16 04:00:00,8,Product A,28.0,7
1110,9,2021-02-16 05:00:00,18,Product A,113.49,7
1111,34,2021-02-16 06:00:00,9,Product B,409.02,3
1112,76,2021-02-16 07:00:00,8,Product E,150.87,7
1113,99,2021-02-16 08:00:00,14,Product B,371.15,1
1114,35,2021-02-16 09:00:00,18,Product A,198.62,10
1115,1,2021-02-16 10:00:00,20,Product B,270.5,1
1116,40,2021-02-16 11:00:00,20,Product B,52.63,5
1117,64,2021-02-16 12:00:00,12,Product E,106.99,2
1118,22,2021-02-16 13:00:00,19,Product D,479.45,9
1119,60,2021-02-16 14:00:00,14,Product A,447.27,7
1120,64,2021-02-16 15:00:00,17,Product E,333.09,4
1121,93,2021-02-16 16:00:00,3,Product B,240.63,4
1122,72,2021-02-16 17:00:00,7,Product B,344.37,2
1123,11,2021-02-16 18:00:00,17,Product D,316.93,5
1124,14,2021-02-16 19:00:00,12,Product A,292.91,4
1125,60,2021-02-16 20:00:00,9,Product A,48.4,1
1126,30,2021-02-16 21:00:00,15,Product C,323.75,8
1127,35,2021-02-16 22:00:00,18,Product A,389.08,3
1128,85,2021-02-16 23:00:00,13,Product D,497.16,6
1129,37,2021-02-17 00:00:00,8,Product C,25.32,4
1130,5,2021-02-17 01:00:00,14,Product C,370.48,9
1131,83,2021-02-17 02:00:00,8,Product B,294.46,7
1132,78,2021-02-17 03:00:00,14,Product B,228.35,9
1133,26,2021-02-17 04:00:00,7,Product A,81.23,10
1134,62,2021-02-17 05:00:00,12,Product C,216.36,3
1135,4,2021-02-17 06:00:00,11,Product B,190.1,1
1136,89,2021-02-17 07:00:00,11,Product D,165.36,5
1137,42,2021-02-17 08:00:00,13,Product B,370.82,3
1138,89,2021-02-17 09:00:00,18,Product B,356.35,6
1139,18,2021-02-17 10:00:00,2,Product C,302.73,8
1140,40,2021-02-17 11:00:00,15,Product C,470.56,4
1141,72,2021-02-17 12:00:00,20,Product E,187.93,5
1142,39,2021-02-17 13:00:00,18,Product D,137.02,5
1143,14,2021-02-17 14:00:00,15,Product C,334.83,4
1144,32,2021-02-17 15:00:00,19,Product A,115.43,4
1145,51,2021-02-17 16:00:00,12,Product D,171.21,4
1146,38,2021-02-17 17:00:00,13,Product D,127.81,4
1147,97,2021-02-17 18:00:00,11,Product C,53.19,4
1148,23,2021-02-17 19:00:00,5,Product D,417.2,5
1149,63,2021-02-17 20:00:00,1,Product C,142.18,2
1150,15,2021-02-17 21:00:00,3,Product B,247.05,2
1151,97,2021-02-17 22:00:00,19,Product E,40.79,9
1152,25,2021-02-17 23:00:00,7,Product B,355.68,2
1153,17,2021-02-18 00:00:00,12,Product C,178.67,6
1154,97,2021-02-18 01:00:00,15,Product C,377.47,2
1155,66,2021-02-18 02:00:00,5,Product B,217.95,5
1156,78,2021-02-18 03:00:00,15,Product A,113.96,4
1157,53,2021-02-18 04:00:00,8,Product A,266.32,7
1158,51,2021-02-18 05:00:00,10,Product A,82.64,7
1159,39,2021-02-18 06:00:00,16,Product C,231.46,6
1160,51,2021-02-18 07:00:00,8,Product D,172.31,10
1161,70,2021-02-18 08:00:00,1,Product C,457.74,5
1162,6,2021-02-18 09:00:00,12,Product D,49.25,1
1163,67,2021-02-18 10:00:00,5,Product B,353.13,3
1164,7,2021-02-18 11:00:00,3,Product E,107.72,9
1165,51,2021-02-18 12:00:00,1,Product D,173.14,1
1166,72,2021-02-18 13:00:00,4,Product A,219.45,5
1167,42,2021-02-18 14:00:00,8,Product C,455.85,2
1168,64,2021-02-18 15:00:00,3,Product B,136.44,4
1169,15,2021-02-18 16:00:00,10,Product A,63.83,1
1170,29,2021-02-18 17:00:00,2,Product B,172.97,3
1171,33,2021-02-18 18:00:00,11,Product E,70.24,10
1172,94,2021-02-18 19:00:00,10,Product C,81.73,7
1173,27,2021-02-18 20:00:00,14,Product C,295.45,10
1174,36,2021-02-18 21:00:00,7,Product E,49.23,3
1175,29,2021-02-18 22:00:00,2,Product C,34.85,4
1176,38,2021-02-18 23:00:00,9,Product D,362.92,2
1177,57,2021-02-19 00:00:00,16,Product B,193.59,3
1178,97,2021-02-19 01:00:00,13,Product A,80.18,9
1179,27,2021-02-19 02:00:00,9,Product E,141.73,3
1180,55,2021-02-19 03:00:00,20,Product D,328.2,5
1181,33,2021-02-19 04:00:00,4,Product A,152.26,2
1182,68,2021-02-19 05:00:00,10,Product A,257.37,4
1183,86,2021-02-19 06:00:00,12,Product E,78.41,7
1184,66,2021-02-19 07:00:00,17,Product D,302.28,7
1185,10,2021-02-19 08:00:00,14,Product A,171.72,3
1186,5,2021-02-19 09:00:00,14,Product A,320.94,5
1187,74,2021-02-19 10:00:00,2,Product D,408.03,1
1188,97,2021-02-19 11:00:00,20,Product C,313.59,10
1189,38,2021-02-19 12:00:00,11,Product A,161.96,10
1190,13,2021-02-19 13:00:00,16,Product B,142.76,10
1191,31,2021-02-19 14:00:00,19,Product D,177.16,1
1192,47,2021-02-19 15:00:00,6,Product A,99.02,5
1193,100,2021-02-19 16:00:00,19,Product E,106.96,10
1194,88,2021-02-19 17:00:00,5,Product B,399.53,9
1195,52,2021-02-19 18:00:00,4,Product A,204.67,1
1196,56,2021-02-19 19:00:00,15,Product B,229.28,1
1197,15,2021-02-19 20:00:00,4,Product B,305.14,4
1198,29,2021-02-19 21:00:00,20,Product C,303.03,4
1199,8,2021-02-19 22:00:00,10,Product B,52.34,2
1200,5,2021-02-19 23:00:00,3,Product C,419.14,9
1201,29,2021-02-20 00:00:00,5,Product D,105.12,9
1202,47,2021-02-20 01:00:00,6,Product C,367.07,2
1203,68,2021-02-20 02:00:00,8,Product E,390.88,9
1204,76,2021-02-20 03:00:00,7,Product A,363.15,6
1205,45,2021-02-20 04:00:00,10,Product D,297.91,8
1206,2,2021-02-20 05:00:00,6,Product D,27.01,10
1207,27,2021-02-20 06:00:00,14,Product E,192.98,4
1208,95,2021-02-20 07:00:00,4,Product C,310.32,2
1209,36,2021-02-20 08:00:00,13,Product A,205.98,2
1210,36,2021-02-20 09:00:00,20,Product C,434.47,9
1211,26,2021-02-20 10:00:00,17,Product B,168.23,1
1212,43,2021-02-20 11:00:00,7,Product C,160.9,7
1213,27,2021-02-20 12:00:00,4,Product D,147.68,3
1214,69,2021-02-20 13:00:00,14,Product A,179.73,3
1215,20,2021-02-20 14:00:00,3,Product C,287.55,2
1216,11,2021-02-20 15:00:00,5,Product A,359.37,10
1217,74,2021-02-20 16:00:00,16,Product A,338.03,6
1218,38,2021-02-20 17:00:00,20,Product B,407.7,10
1219,6,2021-02-20 18:00:00,4,Product B,445.24,2
1220,72,2021-02-20 19:00:00,2,Product D,411.72,10
1221,23,2021-02-20 20:00:00,18,Product E,29.09,4
1222,47,2021-02-20 21:00:00,19,Product A,373.24,10
1223,90,2021-02-20 22:00:00,19,Product E,120.03,9
1224,46,2021-02-20 23:00:00,17,Product D,83.81,9
1225,12,2021-02-21 00:00:00,14,Product A,326.47,6
1226,90,2021-02-21 01:00:00,19,Product A,173.48,4
1227,13,2021-02-21 02:00:00,13,Product E,47.42,7
1228,62,2021-02-21 03:00:00,12,Product C,86.06,1
1229,82,2021-02-21 04:00:00,6,Product B,20.45,4
1230,89,2021-02-21 05:00:00,4,Product C,453.55,5
1231,97,2021-02-21 06:00:00,19,Product E,31.82,8
1232,60,2021-02-21 07:00:00,16,Product B,120.54,2
1233,43,2021-02-21 08:00:00,13,Product C,219.81,5
1234,76,2021-02-21 09:00:00,4,Product B,191.15,6
1235,100,2021-02-21 10:00:00,17,Product A,457.63,5
1236,68,2021-02-21 11:00:00,1,Product C,39.34,9
1237,5,2021-02-21 12:00:00,18,Product B,265.86,10
1238,37,2021-02-21 13:00:00,20,Product B,346.63,1
1239,72,2021-02-21 14:00:00,17,Product B,467.22,3
1240,92,2021-02-21 15:00:00,15,Product C,317.78,2
1241,31,2021-02-21 16:00:00,11,Product D,405.8,3
1242,9,2021-02-21 17:00:00,13,Product C,60.19,10
1243,51,2021-02-21 18:00:00,1,Product E,205.25,9
1244,29,2021-02-21 19:00:00,17,Product C,199.49,9
1245,78,2021-02-21 20:00:00,6,Product B,445.42,10
1246,40,2021-02-21 21:00:00,4,Product A,92.66,2
1247,41,2021-02-21 22:00:00,20,Product C,92.91,3
1248,86,2021-02-21 23:00:00,16,Product C,177.71,4
1249,11,2021-02-22 00:00:00,15,Product B,46.14,9
1250,23,2021-02-22 01:00:00,15,Product A,107.58,3
1251,1,2021-02-22 02:00:00,6,Product A,483.3,7
1252,46,2021-02-22 03:00:00,15,Product E,225.53,3
1253,21,2021-02-22 04:00:00,14,Product C,323.37,7
1254,90,2021-02-22 05:00:00,11,Product A,368.53,7
1255,36,2021-02-22 06:00:00,7,Product A,196.14,9
1256,54,2021-02-22 07:00:00,9,Product D,90.67,2
1257,87,2021-02-22 08:00:00,16,Product D,119.16,6
1258,57,2021-02-22 09:00:00,5,Product A,170.37,9
1259,1,2021-02-22 10:00:00,20,Product E,325.31,2
1260,63,2021-02-22 11:00:00,10,Product A,211.17,2
1261,54,2021-02-22 12:00:00,18,Product B,23.27,5
1262,55,2021-02-22 13:00:00,3,Product C,271.24,10
1263,40,2021-02-22 14:00:00,13,Product E,462.33,10
1264,15,2021-02-22 15:00:00,11,Product B,409.8,10
1265,21,2021-02-22 16:00:00,17,Product E,416.1,8
1266,47,2021-02-22 17:00:00,13,Product B,401.63,9
1267,73,2021-02-22 18:00:00,6,Product C,175.39,2
1268,53,2021-02-22 19:00:00,17,Product C,387.29,5
1269,9,2021-02-22 20:00:00,13,Product D,88.72,7
1270,74,2021-02-22 21:00:00,19,Product B,335.7,6
1271,52,2021-02-22 22:00:00,19,Product D,327.95,6
1272,57,2021-02-22 23:00:00,10,Product B,32.27,7
1273,26,2021-02-23 00:00:00,3,Product D,398.23,3
1274,41,2021-02-23 01:00:00,14,Product C,453.56,3
1275,35,2021-02-23 02:00:00,19,Product E,148.36,10
1276,63,2021-02-23 03:00:00,5,Product D,409.95,9
1277,25,2021-02-23 04:00:00,5,Product B,59.55,8
1278,90,2021-02-23 05:00:00,20,Product B,307.98,5
1279,75,2021-02-23 06:00:00,17,Product C,253.11,6
1280,38,2021-02-23 07:00:00,10,Product B,282.04,10
1281,2,2021-02-23 08:00:00,5,Product A,464.58,1
1282,7,2021-02-23 09:00:00,4,Product E,438.23,10
1283,82,2021-02-23 10:00:00,6,Product D,396.84,1
1284,91,2021-02-23 11:00:00,4,Product E,151.38,4
1285,34,2021-02-23 12:00:00,7,Product C,457.67,2
1286,91,2021-02-23 13:00:00,7,Product D,66.8,7
1287,17,2021-02-23 14:00:00,18,Product D,429.6,2
1288,43,2021-02-23 15:00:00,3,Product A,177.52,10
1289,59,2021-02-23 16:00:00,1,Product C,45.81,2
1290,51,2021-02-23 17:00:00,4,Product B,341.29,5
1291,54,2021-02-23 18:00:00,6,Product A,131.01,4
1292,24,2021-02-23 19:00:00,9,Product A,136.91,8
1293,25,2021-02-23 20:00:00,14,Product E,166.9,4
1294,71,2021-02-23 21:00:00,12,Product E,50.57,6
1295,52,2021-02-23 22:00:00,20,Product E,105.02,5
1296,70,2021-02-23 23:00:00,4,Product A,22.47,2
1297,88,2021-02-24 00:00:00,12,Product B,233.8,8
1298,33,2021-02-24 01:00:00,10,Product D,60.44,2
1299,49,2021-02-24 02:00:00,7,Product E,347.67,9
1300,29,2021-02-24 03:00:00,3,Product B,133.1,9
1301,63,2021-02-24 04:00:00,14,Product C,472.92,3
1302,22,2021-02-24 05:00:00,10,Product E,438.2,4
1303,26,2021-02-24 06:00:00,16,Product D,158.93,8
1304,28,2021-02-24 07:00:00,16,Product C,395.94,9
1305,85,2021-02-24 08:00:00,10,Product C,405.56,3
1306,49,2021-02-24 09:00:00,13,Product D,493.55,5
1307,71,2021-02-24 10:00:00,6,Product E,306.96,8
1308,81,2021-02-24 11:00:00,12,Product A,59.34,3
1309,84,2021-02-24 12:00:00,9,Product D,330.48,7
1310,49,2021-02-24 13:00:00,13,Product D,319.99,8
1311,20,2021-02-24 14:00:00,4,Product D,326.41,10
1312,86,2021-02-24 15:00:00,11,Product C,167.43,3
1313,92,2021-02-24 16:00:00,20,Product B,432.65,2
1314,63,2021-02-24 17:00:00,18,Product A,480.55,10
1315,61,2021-02-24 18:00:00,11,Product E,124.5,7
1316,49,2021-02-24 19:00:00,4,Product E,62.31,9
1317,71,2021-02-24 20:00:00,18,Product B,113.38,1
1318,1,2021-02-24 21:00:00,1,Product D,413.87,3
1319,96,2021-02-24 22:00:00,7,Product A,344.79,5
1320,13,2021-02-24 23:00:00,6,Product E,325.3,3
1321,94,2021-02-25 00:00:00,15,Product E,212.86,1
1322,87,2021-02-25 01:00:00,18,Product D,297.36,7
1323,51,2021-02-25 02:00:00,11,Product B,167.78,7
1324,56,2021-02-25 03:00:00,20,Product A,249.06,10
1325,83,2021-02-25 04:00:00,15,Product B,400.67,8
1326,62,2021-02-25 05:00:00,16,Product B,491.0,5
1327,32,2021-02-25 06:00:00,7,Product A,467.59,10
1328,30,2021-02-25 07:00:00,10,Product A,468.26,5
1329,29,2021-02-25 08:00:00,12,Product E,213.07,5
1330,49,2021-02-25 09:00:00,14,Product E,245.02,1
1331,45,2021-02-25 10:00:00,5,Product A,358.7,10
1332,93,2021-02-25 11:00:00,18,Product C,462.65,5
1333,30,2021-02-25 12:00:00,5,Product E,88.16,6
1334,16,2021-02-25 13:00:00,3,Product C,166.04,1
1335,40,2021-02-25 14:00:00,5,Product A,86.84,7
1336,19,2021-02-25 15:00:00,17,Product E,313.76,1
1337,18,2021-02-25 16:00:00,19,Product B,167.02,2
1338,1,2021-02-25 17:00:00,19,Product A,176.53,2
1339,78,2021-02-25 18:00:00,12,Product D,54.04,5
1340,47,2021-02-25 19:00:00,9,Product C,187.9,10
1341,66,2021-02-25 20:00:00,1,Product A,434.0,7
1342,92,2021-02-25 21:00:00,18,Product A,131.87,1
1343,94,2021-02-25 22:00:00,4,Product E,353.69,10
1344,38,2021-02-25 23:00:00,10,Product E,322.22,1
1345,51,2021-02-26 00:00:00,7,Product E,434.47,1
1346,63,2021-02-26 01:00:00,1,Product D,83.5,6
1347,4,2021-02-26 02:00:00,17,Product E,489.24,2
1348,1,2021-02-26 03:00:00,2,Product A,299.66,1
1349,8,2021-02-26 04:00:00,11,Product E,497.83,6
1350,29,2021-02-26 05:00:00,9,Product B,457.53,2
1351,55,2021-02-26 06:00:00,7,Product E,126.33,6
1352,3,2021-02-26 07:00:00,17,Product D,46.96,10
1353,32,2021-02-26 08:00:00,17,Product B,142.71,8
1354,10,2021-02-26 09:00:00,2,Product A,273.23,2
1355,74,2021-02-26 10:00:00,6,Product A,102.37,9
1356,83,2021-02-26 11:00:00,14,Product C,100.38,8
1357,34,2021-02-26 12:00:00,6,Product B,242.04,10
1358,97,2021-02-26 13:00:00,2,Product C,35.97,1
1359,87,2021-02-26 14:00:00,1,Product B,78.51,7
1360,55,2021-02-26 15:00:00,10,Product B,219.61,10
1361,92,2021-02-26 16:00:00,5,Product D,50.3,6
1362,32,2021-02-26 17:00:00,2,Product C,210.44,6
1363,50,2021-02-26 18:00:00,16,Product D,247.52,6
1364,7,2021-02-26 19:00:00,2,Product B,236.61,6
1365,93,2021-02-26 20:00:00,10,Product A,437.2,10
1366,8,2021-02-26 21:00:00,2,Product B,274.43,7
1367,65,2021-02-26 22:00:00,16,Product D,244.63,3
1368,57,2021-02-26 23:00:00,16,Product C,217.14,6
1369,67,2021-02-27 00:00:00,19,Product C,412.46,3
1370,88,2021-02-27 01:00:00,7,Product D,449.63,7
1371,87,2021-02-27 02:00:00,12,Product C,429.56,7
1372,59,2021-02-27 03:00:00,15,Product E,343.3,8
1373,72,2021-02-27 04:00:00,8,Product A,85.93,2
1374,54,2021-02-27 05:00:00,6,Product A,152.9,9
1375,67,2021-02-27 06:00:00,10,Product A,42.11,5
1376,51,2021-02-27 07:00:00,3,Product C,466.8,9
1377,97,2021-02-27 08:00:00,19,Product C,337.18,10
1378,92,2021-02-27 09:00:00,17,Product B,378.25,5
1379,8,2021-02-27 10:00:00,7,Product B,169.55,7
1380,34,2021-02-27 11:00:00,20,Product A,425.91,9
1381,35,2021-02-27 12:00:00,4,Product E,144.61,4
1382,96,2021-02-27 13:00:00,14,Product B,20.79,2
1383,88,2021-02-27 14:00:00,20,Product B,200.68,9
1384,78,2021-02-27 15:00:00,15,Product C,293.97,2
1385,32,2021-02-27 16:00:00,8,Product E,249.78,3
1386,46,2021-02-27 17:00:00,15,Product A,433.8,10
1387,16,2021-02-27 18:00:00,20,Product B,70.59,2
1388,68,2021-02-27 19:00:00,14,Product E,285.84,3
1389,37,2021-02-27 20:00:00,9,Product E,266.23,6
1390,54,2021-02-27 21:00:00,8,Product A,155.07,3
1391,85,2021-02-27 22:00:00,17,Product E,414.67,10
1392,14,2021-02-27 23:00:00,2,Product E,381.37,8
1393,95,2021-02-28 00:00:00,3,Product E,371.77,6
1394,55,2021-02-28 01:00:00,8,Product B,440.57,7
1395,48,2021-02-28 02:00:00,12,Product A,366.94,1
1396,82,2021-02-28 03:00:00,1,Product E,131.28,3
1397,7,2021-02-28 04:00:00,10,Product E,358.67,3
1398,74,2021-02-28 05:00:00,20,Product B,167.7,2
1399,7,2021-02-28 06:00:00,3,Product A,136.24,7
1400,33,2021-02-28 07:00:00,6,Product C,55.04,9
1401,23,2021-02-28 08:00:00,7,Product B,377.13,4
1402,85,2021-02-28 09:00:00,20,Product A,361.28,5
1403,19,2021-02-28 10:00:00,18,Product E,132.56,3
1404,19,2021-02-28 11:00:00,11,Product A,379.7,9
1405,36,2021-02-28 12:00:00,19,Product A,460.56,4
1406,29,2021-02-28 13:00:00,5,Product A,71.85,5
1407,60,2021-02-28 14:00:00,19,Product C,131.67,1
1408,82,2021-02-28 15:00:00,11,Product A,380.13,2
1409,2,2021-02-28 16:00:00,12,Product C,151.76,9
1410,1,2021-02-28 17:00:00,10,Product E,319.84,2
1411,47,2021-02-28 18:00:00,8,Product C,58.96,5
1412,69,2021-02-28 19:00:00,9,Product E,237.06,8
1413,20,2021-02-28 20:00:00,4,Product E,374.76,3
1414,11,2021-02-28 21:00:00,5,Product C,349.53,6
1415,2,2021-02-28 22:00:00,8,Product B,411.23,4
1416,67,2021-02-28 23:00:00,9,Product D,441.18,7
1417,87,2021-03-01 00:00:00,15,Product A,391.13,10
1418,12,2021-03-01 01:00:00,15,Product D,342.36,3
1419,20,2021-03-01 02:00:00,16,Product A,35.23,6
1420,5,2021-03-01 03:00:00,14,Product A,276.78,10
1421,37,2021-03-01 04:00:00,8,Product E,38.09,9
1422,38,2021-03-01 05:00:00,18,Product A,407.87,10
1423,94,2021-03-01 06:00:00,10,Product A,173.95,1
1424,9,2021-03-01 07:00:00,20,Product C,289.97,3
1425,98,2021-03-01 08:00:00,6,Product D,154.13,2
1426,53,2021-03-01 09:00:00,12,Product C,395.6,8
1427,44,2021-03-01 10:00:00,2,Product A,445.52,7
1428,99,2021-03-01 11:00:00,7,Product E,211.35,2
1429,86,2021-03-01 12:00:00,16,Product C,434.2,6
1430,24,2021-03-01 13:00:00,3,Product C,148.2,3
1431,81,2021-03-01 14:00:00,13,Product B,276.64,8
1432,74,2021-03-01 15:00:00,3,Product A,432.21,10
1433,30,2021-03-01 16:00:00,18,Product E,176.42,3
1434,59,2021-03-01 17:00:00,11,Product C,477.94,10
1435,87,2021-03-01 18:00:00,8,Product C,78.5,9
1436,96,2021-03-01 19:00:00,6,Product E,28.77,1
1437,81,2021-03-01 20:00:00,1,Product A,453.98,5
1438,81,2021-03-01 21:00:00,1,Product B,52.95,3
1439,14,2021-03-01 22:00:00,8,Product C,496.11,6
1440,9,2021-03-01 23:00:00,5,Product B,476.67,10
1441,40,2021-03-02 00:00:00,16,Product D,85.77,2
1442,66,2021-03-02 01:00:00,11,Product A,278.04,9
1443,25,2021-03-02 02:00:00,5,Product D,108.76,6
1444,73,2021-03-02 03:00:00,4,Product D,225.51,7
1445,22,2021-03-02 04:00:00,6,Product D,49.48,5
1446,4,2021-03-02 05:00:00,14,Product A,127.48,9
1447,26,2021-03-02 06:00:00,19,Product A,194.37,1
1448,58,2021-03-02 07:00:00,9,Product E,230.55,5
1449,29,2021-03-02 08:00:00,12,Product B,489.2,10
1450,98,2021-03-02 09:00:00,11,Product B,407.78,6
1451,87,2021-03-02 10:00:00,14,Product E,373.96,7
1452,37,2021-03-02 11:00:00,16,Product E,277.78,4
1453,75,2021-03-02 12:00:00,1,Product D,423.2,1
1454,70,2021-03-02 13:00:00,13,Product E,182.87,8
1455,18,2021-03-02 14:00:00,13,Product C,360.27,10
1456,85,2021-03-02 15:00:00,2,Product B,497.02,4
1457,42,2021-03-02 16:00:00,4,Product E,171.02,3
1458,100,2021-03-02 17:00:00,6,Product C,343.53,7
1459,41,2021-03-02 18:00:00,5,Product C,425.27,2
1460,38,2021-03-02 19:00:00,3,Product C,459.59,8
1461,34,2021-03-02 20:00:00,1,Product C,364.61,6
1462,17,2021-03-02 21:00:00,4,Product D,156.13,7
1463,37,2021-03-02 22:00:00,20,Product C,176.62,5
1464,25,2021-03-02 23:00:00,2,Product D,29.96,9
1465,76,2021-03-03 00:00:00,5,Product D,385.23,5
1466,87,2021-03-03 01:00:00,3,Product C,40.52,5
1467,86,2021-03-03 02:00:00,9,Product B,435.03,3
1468,85,2021-03-03 03:00:00,20,Product C,76.96,1
1469,27,2021-03-03 04:00:00,6,Product C,102.5,2
1470,57,2021-03-03 05:00:00,18,Product C,248.73,8
1471,31,2021-03-03 06:00:00,6,Product B,374.18,1
1472,6,2021-03-03 07:00:00,19,Product A,86.72,7
1473,91,2021-03-03 08:00:00,12,Product A,231.23,5
1474,40,2021-03-03 09:00:00,11,Product D,251.77,3
1475,98,2021-03-03 10:00:00,2,Product D,121.9,7
1476,12,2021-03-03 11:00:00,15,Product B,75.47,9
1477,53,2021-03-03 12:00:00,12,Product E,421.48,2
1478,71,2021-03-03 13:00:00,12,Product A,261.18,8
1479,10,2021-03-03 14:00:00,9,Product D,26.9,9
1480,45,2021-03-03 15:00:00,2,Product A,405.43,3
1481,17,2021-03-03 16:00:00,3,Product B,490.78,2
1482,26,2021-03-03 17:00:00,12,Product B,310.84,7
1483,85,2021-03-03 18:00:00,16,Product E,261.78,5
1484,92,2021-03-03 19:00:00,1,Product E,441.64,5
1485,62,2021-03-03 20:00:00,3,Product B,477.21,10
1486,46,2021-03-03 21:00:00,20,Product D,382.18,5
1487,64,2021-03-03 22:00:00,2,Product A,233.82,4
1488,2,2021-03-03 23:00:00,9,Product C,304.27,5
1489,54,2021-03-04 00:00:00,19,Product E,356.45,4
1490,65,2021-03-04 01:00:00,15,Product C,113.25,6
1491,51,2021-03-04 02:00:00,18,Product D,234.66,4
1492,53,2021-03-04 03:00:00,11,Product E,418.31,2
1493,36,2021-03-04 04:00:00,16,Product C,334.27,9
1494,26,2021-03-04 05:00:00,17,Product D,217.38,2
1495,29,2021-03-04 06:00:00,5,Product A,338.41,9
1496,21,2021-03-04 07:00:00,12,Product D,76.75,10
1497,11,2021-03-04 08:00:00,11,Product E,212.72,6
1498,40,2021-03-04 09:00:00,15,Product B,400.7,9
1499,11,2021-03-04 10:00:00,3,Product A,125.84,9
1500,36,2021-03-04 11:00:00,1,Product C,109.26,3
